-- phpMyAdmin SQL Dump
-- version 5.2.2
-- https://www.phpmyadmin.net/
--
-- Servidor: localhost:3306
-- Tiempo de generación: 15-02-2026 a las 23:54:00
-- Versión del servidor: 8.0.43-cll-lve
-- Versión de PHP: 8.4.16

SET SQL_MODE = "NO_AUTO_VALUE_ON_ZERO";
START TRANSACTION;
SET time_zone = "+00:00";


/*!40101 SET @OLD_CHARACTER_SET_CLIENT=@@CHARACTER_SET_CLIENT */;
/*!40101 SET @OLD_CHARACTER_SET_RESULTS=@@CHARACTER_SET_RESULTS */;
/*!40101 SET @OLD_COLLATION_CONNECTION=@@COLLATION_CONNECTION */;
/*!40101 SET NAMES utf8mb4 */;

--
-- Base de datos: `tabolang_pedidos`
--

-- --------------------------------------------------------

--
-- Estructura de tabla para la tabla `app_fcm_tokens`
--

CREATE TABLE `app_fcm_tokens` (
  `id` int NOT NULL,
  `email` varchar(255) COLLATE utf8mb3_unicode_ci NOT NULL,
  `token` text COLLATE utf8mb3_unicode_ci NOT NULL,
  `dispositivo_id` varchar(255) COLLATE utf8mb3_unicode_ci DEFAULT NULL,
  `fecha_registro` timestamp NULL DEFAULT CURRENT_TIMESTAMP,
  `notify_pedido_creado` tinyint(1) DEFAULT '1',
  `notify_cambio_estado` tinyint(1) DEFAULT '1',
  `notify_pedido_entregado` tinyint(1) DEFAULT '1',
  `notify_pedido_editado` tinyint(1) DEFAULT '1',
  `notify_doc_por_vencer` tinyint(1) DEFAULT '1',
  `notify_doc_vencido` tinyint(1) DEFAULT '1',
  `updated_at` datetime DEFAULT NULL
) ENGINE=InnoDB DEFAULT CHARSET=utf8mb3 COLLATE=utf8mb3_unicode_ci;

--
-- Volcado de datos para la tabla `app_fcm_tokens`
--

INSERT INTO `app_fcm_tokens` (`id`, `email`, `token`, `dispositivo_id`, `fecha_registro`, `notify_pedido_creado`, `notify_cambio_estado`, `notify_pedido_entregado`, `notify_pedido_editado`, `notify_doc_por_vencer`, `notify_doc_vencido`, `updated_at`) VALUES
(54, 'jandres@tabolango.cl', 'cblrEvEB1PRG6y3puxOzx8:APA91bHZzsIvdxZeCJwUImIBkrNEeQ2Jd45qVVILCNao5oCOefWWHcatkJxpsp8aUM-AKN5KMsaYNUXpRY3N3PMxroGF7d7z93dQK_DH-h9LbmNwwv3N2aY', NULL, '2026-02-06 18:39:47', 1, 1, 1, 1, 1, 1, NULL),
(56, 'jandres@tabolango.cl', 'eiDFlm8TqaSly0FbIH4o4R:APA91bHZfnTWT7A52kv9_f-7GCoU6t5ccqbARmwAG0pVJmEIqImfRfx3bkru46RSKmDAjoaqyJbU4DLEAE14-8gC-TSc913CY88-H1kBkYXbN7xMtTJAm7g', NULL, '2026-02-06 19:13:31', 1, 1, 1, 1, 1, 1, NULL);

-- --------------------------------------------------------

--
-- Estructura de tabla para la tabla `app_roles`
--

CREATE TABLE `app_roles` (
  `id` int NOT NULL,
  `nombre_rol` varchar(50) COLLATE utf8mb3_unicode_ci NOT NULL
) ENGINE=InnoDB DEFAULT CHARSET=utf8mb3 COLLATE=utf8mb3_unicode_ci;

--
-- Volcado de datos para la tabla `app_roles`
--

INSERT INTO `app_roles` (`id`, `nombre_rol`) VALUES
(1, 'Administrador'),
(5, 'Cliente'),
(3, 'Conductor'),
(2, 'Editor'),
(4, 'Vendedor');

-- --------------------------------------------------------

--
-- Estructura de tabla para la tabla `app_usuarios`
--

CREATE TABLE `app_usuarios` (
  `id` int NOT NULL,
  `user_login` varchar(100) COLLATE utf8mb3_unicode_ci NOT NULL,
  `nombre` varchar(50) COLLATE utf8mb3_unicode_ci NOT NULL,
  `apellido` varchar(50) COLLATE utf8mb3_unicode_ci NOT NULL,
  `email` varchar(100) COLLATE utf8mb3_unicode_ci DEFAULT NULL,
  `foto_url` text COLLATE utf8mb3_unicode_ci,
  `telefono` varchar(20) COLLATE utf8mb3_unicode_ci DEFAULT NULL,
  `cargo` enum('Admin','Usuario','Conductor','Vendedor') CHARACTER SET utf8mb3 COLLATE utf8mb3_unicode_ci DEFAULT 'Usuario',
  `activo` tinyint(1) DEFAULT '1',
  `fecha_registro` timestamp NULL DEFAULT CURRENT_TIMESTAMP,
  `fecha_nacimiento` date DEFAULT NULL,
  `fcm_token` text COLLATE utf8mb3_unicode_ci
) ENGINE=InnoDB DEFAULT CHARSET=utf8mb3 COLLATE=utf8mb3_unicode_ci;

--
-- Volcado de datos para la tabla `app_usuarios`
--

INSERT INTO `app_usuarios` (`id`, `user_login`, `nombre`, `apellido`, `email`, `foto_url`, `telefono`, `cargo`, `activo`, `fecha_registro`, `fecha_nacimiento`, `fcm_token`) VALUES
(6, 'juanandresespinosa', 'Juan Andrés', 'Espinosa', 'jandres@tabolango.cl', 'https://app.tabolango.cl/wp-content/uploads/nsl_avatars/930ada88ec990d136fbb61dd6e0d305f.png', '+56979694520', 'Vendedor', 1, '2026-01-02 04:25:08', '1994-10-14', NULL),
(7, 'juanandresespinosaandonaegui', 'Juan Andrés', 'Espinosa Andonaegui', 'jaespinosaa@gmail.com', 'https://app.tabolango.cl/wp-content/uploads/nsl_avatars/55b3e731dcd2d2278825b201b8558fc0.jpg', '+56979694520', 'Vendedor', 1, '2026-01-02 04:58:36', '1994-10-14', NULL),
(9, 'sofiaandonaegui', 'Sofia', 'Andonaegui', 'sofia@tabolango.cl', 'https://app.tabolango.cl/wp-content/uploads/nsl_avatars/bc0d340a970d52fd917cb76ad3275822.png', '+56961131893', 'Vendedor', 1, '2026-01-02 13:29:08', '1966-03-24', NULL),
(11, 'antoniaespinosa', 'Antonia', 'Espinosa', 'antonia@tabolango.cl', 'https://app.tabolango.cl/wp-content/uploads/nsl_avatars/5b58e3083d7459632f7a318c903e96dd.png', '', 'Usuario', 1, '2026-01-02 13:34:34', '1992-08-18', NULL),
(49, 'pepelongueira', 'Pepe', 'Longueira', 'jose@longueira.cl', 'https://app.tabolango.cl/wp-content/uploads/nsl_avatars/8549b1867fb07da8811e143909969477.png', '961334384', 'Conductor', 1, '2026-01-23 14:17:50', '1957-03-12', NULL);

-- --------------------------------------------------------

--
-- Estructura de tabla para la tabla `app_usuario_roles`
--

CREATE TABLE `app_usuario_roles` (
  `usuario_email` varchar(100) COLLATE utf8mb3_unicode_ci NOT NULL,
  `rol_id` int NOT NULL
) ENGINE=InnoDB DEFAULT CHARSET=utf8mb3 COLLATE=utf8mb3_unicode_ci;

--
-- Volcado de datos para la tabla `app_usuario_roles`
--

INSERT INTO `app_usuario_roles` (`usuario_email`, `rol_id`) VALUES
('jandres@tabolango.cl', 1),
('antonia@tabolango.cl', 2),
('jaespinosaa@gmail.com', 2),
('jandres@tabolango.cl', 2),
('sofia@tabolango.cl', 2),
('antonia@tabolango.cl', 3),
('jaespinosaa@gmail.com', 3),
('jose@longueira.cl', 3),
('sofia@tabolango.cl', 3),
('jandres@tabolango.cl', 4);

-- --------------------------------------------------------

--
-- Estructura de tabla para la tabla `categorias_clientes`
--

CREATE TABLE `categorias_clientes` (
  `id_categoria` int NOT NULL,
  `nombre_categoria` varchar(50) NOT NULL,
  `descripcion` text
) ENGINE=InnoDB DEFAULT CHARSET=utf8mb4 COLLATE=utf8mb4_0900_ai_ci;

--
-- Volcado de datos para la tabla `categorias_clientes`
--

INSERT INTO `categorias_clientes` (`id_categoria`, `nombre_categoria`, `descripcion`) VALUES
(1, 'Gran distribuidor', 'Sobre 200 cajas semanales'),
(2, 'Mayorista', 'sobre 100 cajas semanales'),
(3, 'Minorista', 'menos de 100 cajas semanales'),
(4, 'V Norte', 'Comunas de puchuncavi, zapallar, papudo'),
(5, 'Cliente', NULL);

-- --------------------------------------------------------

--
-- Estructura de tabla para la tabla `clientes`
--

CREATE TABLE `clientes` (
  `id_interno` int NOT NULL,
  `es_global` tinyint(1) DEFAULT '0',
  `id_cliente` varchar(20) CHARACTER SET utf8mb3 COLLATE utf8mb3_unicode_ci DEFAULT NULL,
  `cliente` varchar(100) COLLATE utf8mb3_unicode_ci NOT NULL,
  `razon_social` varchar(255) COLLATE utf8mb3_unicode_ci DEFAULT NULL,
  `rut_cliente` varchar(15) COLLATE utf8mb3_unicode_ci DEFAULT NULL,
  `giro` varchar(255) COLLATE utf8mb3_unicode_ci DEFAULT NULL,
  `tipo_cliente` varchar(50) COLLATE utf8mb3_unicode_ci DEFAULT NULL,
  `direccion` text COLLATE utf8mb3_unicode_ci,
  `direccion_factura` varchar(255) COLLATE utf8mb3_unicode_ci DEFAULT NULL,
  `comuna_factura` varchar(100) COLLATE utf8mb3_unicode_ci DEFAULT NULL,
  `ciudad_factura` varchar(100) COLLATE utf8mb3_unicode_ci DEFAULT NULL,
  `comuna` varchar(100) COLLATE utf8mb3_unicode_ci DEFAULT NULL,
  `ciudad` varchar(100) COLLATE utf8mb3_unicode_ci DEFAULT NULL,
  `contacto` varchar(100) COLLATE utf8mb3_unicode_ci DEFAULT NULL,
  `nombre` varchar(255) COLLATE utf8mb3_unicode_ci DEFAULT NULL,
  `apellido` varchar(255) COLLATE utf8mb3_unicode_ci DEFAULT NULL,
  `responsable` varchar(255) COLLATE utf8mb3_unicode_ci DEFAULT NULL,
  `telefono` varchar(20) COLLATE utf8mb3_unicode_ci DEFAULT NULL,
  `telefono_factura` varchar(50) COLLATE utf8mb3_unicode_ci DEFAULT NULL,
  `email` varchar(100) COLLATE utf8mb3_unicode_ci DEFAULT NULL,
  `email_factura` varchar(100) COLLATE utf8mb3_unicode_ci DEFAULT NULL,
  `activo` tinyint(1) DEFAULT '1',
  `lat_despacho` decimal(10,8) DEFAULT NULL,
  `lng_despacho` decimal(11,8) DEFAULT NULL,
  `dias_credito` int DEFAULT '0',
  `logo` varchar(255) COLLATE utf8mb3_unicode_ci DEFAULT NULL
) ENGINE=InnoDB DEFAULT CHARSET=utf8mb3 COLLATE=utf8mb3_unicode_ci;

--
-- Volcado de datos para la tabla `clientes`
--

INSERT INTO `clientes` (`id_interno`, `es_global`, `id_cliente`, `cliente`, `razon_social`, `rut_cliente`, `giro`, `tipo_cliente`, `direccion`, `direccion_factura`, `comuna_factura`, `ciudad_factura`, `comuna`, `ciudad`, `contacto`, `nombre`, `apellido`, `responsable`, `telefono`, `telefono_factura`, `email`, `email_factura`, `activo`, `lat_despacho`, `lng_despacho`, `dias_credito`, `logo`) VALUES
(1, 0, 'CLI-001', 'Maifud', NULL, '76.840.054-7', 'Venta al por menor por correo', '1', 'Dr. José Tobias 2790, Quinta Normal, Chile', NULL, NULL, NULL, 'Quinta Normal', NULL, 'Dario contreras', 'Dario', 'contreras', 'jandres@tabolango.cl', '+56998741639', NULL, 'Dario@maifud.cl', NULL, 0, -33.41271920, -70.69965670, 0, 'https://tabolango.cl/logos/logo_1_1767737130.png'),
(2, 0, 'CL-002', 'Dominó', 'Carreño y Garcia Limitada', '77.593.150-7', 'Venta al por menor', '1', 'Fariña 405, Recoleta, Chile', NULL, NULL, NULL, 'Recoleta', NULL, 'Luis Rojas', 'Luis', 'Rojas', 'sofia@tabolango.cl', '+56984392831', NULL, 'Televegaventas@gmail.com', NULL, 1, -33.42740790, -70.65018820, 0, 'https://tabolango.cl/logos/logo_2_1767724745.png'),
(3, 0, 'CLI-003', 'Montemarket', '', '77.742.976-0', 'Otras actividades de Venta al por menor', '3', 'Río Aconcagua 410, Concón, Chile', NULL, NULL, NULL, 'Concón', NULL, 'Alvaro Duque', 'Alvaro', 'Duque', 'sofia@tabolango.cl', '+56953972602', NULL, '', NULL, 1, -32.93556700, -71.52826660, 0, 'https://tabolango.cl/logos/logo_3_1767899460.png'),
(5, 0, 'alemana', 'Fuente Alemana', NULL, '78.711.810-0', 'Venta al por menor', 'Prospecto', 'Avenida Pedro de Valdivia 210, Providencia, Chile', NULL, NULL, NULL, 'Providencia', NULL, 'Freddy', 'Freddy', '', 'jandres@tabolango.cl', '', NULL, 'fuentealemana54@gmail.com', NULL, 0, -33.42549050, -70.61115310, 0, 'https://tabolango.cl/logos/logo_5_1767805036.png'),
(13, 1, 'Migue', 'Miguelayo', NULL, '12-3', 'Venta al por menor', NULL, 'Exequiel Fernández 2693, Macul, Chile', NULL, NULL, NULL, 'Macul', NULL, '', '', '', 'jandres@tabolango.cl', '', NULL, '', NULL, 1, -33.47868630, -70.60169020, 0, 'https://tabolango.cl/logos/logo_13_1767986519.png'),
(14, 0, 'Migue', 'Miguelayo - Vitacura', NULL, '', 'Venta al por menor', NULL, 'Av Vitacura 7450, Vitacura, Chile', NULL, NULL, NULL, 'Vitacura', NULL, '', '', '', 'jandres@tabolango.cl', '', NULL, '', NULL, 1, -33.38578230, -70.56189080, 0, 'https://tabolango.cl/logos/logo_13_1767986519.png'),
(15, 0, 'Migue', 'Miguelayo - Macul', NULL, '', 'Venta al por menor', NULL, 'Av. Macul 3353, Macul, Chile', NULL, NULL, NULL, 'Macul', NULL, '', '', '', 'jandres@tabolango.cl', '', NULL, '', NULL, 1, -33.48499630, -70.59962740, 0, 'https://tabolango.cl/logos/logo_13_1767986519.png'),
(16, 0, 'Migue', 'Miguelayo - Cantagallo', NULL, '', 'Venta al por menor', NULL, 'Nueva Las Condes 12290, Las Condes, Chile', NULL, NULL, NULL, 'Las Condes', NULL, '---', '---', '', 'jandres@tabolango.cl', '', NULL, '', NULL, 1, -33.37340390, -70.51825930, 0, 'https://tabolango.cl/logos/logo_13_1767986519.png'),
(17, 0, 'Migue', 'Miguelayo - Apoquindo', NULL, '', 'Venta al por menor', NULL, 'Avenida Apoquindo 5601, Las Condes, Chile', NULL, NULL, NULL, 'Las Condes', NULL, '', '', '', 'jandres@tabolango.cl', '', NULL, '', NULL, 1, -33.40996520, -70.57068550, 0, 'https://tabolango.cl/logos/logo_13_1767986519.png'),
(18, 0, 'Migue', 'Miguelayo - Puente Alto', NULL, '', 'Venta al por menor', NULL, 'Avenida Concha y Toro 3338, Puente Alto, Chile', NULL, NULL, NULL, 'Puente Alto', NULL, '---', '---', '', 'jandres@tabolango.cl', '', NULL, '', NULL, 1, -33.57887980, -70.58229920, 0, 'https://tabolango.cl/logos/logo_13_1767986519.png'),
(19, 0, 'Migue', 'Miguelayo - Providencia', NULL, '', 'Venta al por menor', NULL, 'Avenida Providencia 1095, Providencia, Chile', NULL, NULL, NULL, 'Providencia', NULL, '---', '---', '', 'jandres@tabolango.cl', '', NULL, '', NULL, 1, -33.43019480, -70.62216610, 0, 'https://tabolango.cl/logos/logo_13_1767986519.png'),
(20, 0, 'Migue', 'Miguelayo - Egaña', NULL, '', 'Venta al por menor', NULL, 'Diag. Ote. 5693, Ñuñoa, Chile', NULL, NULL, NULL, 'Ñuñoa', NULL, '---', '---', '', '', '+56956956925', NULL, '', NULL, 1, -33.45900450, -70.57285040, 0, 'https://tabolango.cl/logos/logo_13_1767986519.png'),
(21, 0, 'el templo', 'Pizzería El Templo - Concon', 'JAIME ALBERTO MIRANDA BRAVO HOSPEDAJE Y HOTELERIA EMPRESA INDIVIDUAL DE RESPONSABILIDAD LIMITADA', '76.406.086-5', 'Actividades de restaurante', '3', 'Santa Macarena 280, Concón, Chile', 'Los Almendros 751', 'Casablanca', 'Quintay', 'Concón', NULL, 'Erick Soto', 'Erick', 'Soto', 'sofia@tabolango.cl', '+56967022155', NULL, 'cmiranda95@gmail.com', NULL, 1, -32.94193630, -71.52124060, 0, 'https://tabolango.cl/logos/logo_21_1768239707.png'),
(22, 0, 'antigua', 'Antigua Fuente', NULL, '', 'Venta al por menor', NULL, 'MUT - Mercado Urbano Tobalaba - Avenida Apoquindo, Las Condes, Chile', NULL, NULL, NULL, 'Las Condes', NULL, 'José Manuel', 'José', 'Manuel', 'jandres@tabolango.cl', '', NULL, 'antiguafuentemut@gmail.com', NULL, 0, -33.41758840, -70.60130540, 0, 'https://tabolango.cl/logos/logo_22_1768240002.png'),
(23, 0, 'Pecado', 'Pecado del Inka - 12 Norte', 'Ortíz Gamarra y compañia Limitada', '76.411.867-7', 'Restaurante', '3', '4 - 1/2 Oriente 1168, Viña del Mar, Chile', NULL, NULL, NULL, 'Viña del Mar', NULL, 'Jhon Ortíz', 'Jhon', 'Ortíz', 'sofia@tabolango.cl', '+56984605662', NULL, 'jhonortizgamarra@gmail.com', NULL, 1, -33.01139380, -71.54335800, 0, 'https://tabolango.cl/logos/logo_30_1768857726.png'),
(24, 0, NULL, 'Prueba', 'Neighbox spa', '77.731.867-5', 'Venta al por mayor', '3', 'Matilde Salamanca 950, Providencia, Chile', 'v5ddd', 'Providencia', 'Santiago', 'Providencia', 'Santiago', 'Sofía Andonaegui j', 'Sofía', 'Andonaegui j', 'jandres@tabolango.cl', '94445544', '979694520', 'jandres@tabolango.cl', 'jaespinosaa@gmail.com', 1, -33.43449570, -70.61235780, 0, NULL),
(25, 0, NULL, 'La Flor de Chile', 'Víctor Vera e Hijos y Cía Ltda', '76.101.048-4', 'Venta al por menor', '3', '8 Norte 601, Valparaíso, Viña del Mar, Chile', NULL, NULL, NULL, 'Viña del Mar', NULL, 'Cristian Vera', 'Cristian', 'Vera', 'sofia@tabolango.cl', '+56932268955', NULL, 'cvera@laflordechile.cl', NULL, 1, -33.01498290, -71.55113680, 0, 'https://tabolango.cl/logos/logo_25_1770121950.png'),
(26, 0, NULL, 'La Chacra Verdulería', 'Raúl Matamala Peralta', '7.826.636-8', 'Alimentos, Frutas y Verduras', '3', '6 Norte 880, Viña del Mar, Chile', NULL, NULL, NULL, 'Viña del Mar', NULL, 'Raul Matamala', 'Raul', 'Matamala', 'sofia@tabolango.cl', '+56993349353', NULL, '', NULL, 1, -33.01785700, -71.54826210, 0, 'https://tabolango.cl/logos/logo_26_1768856804.png'),
(27, 0, NULL, 'Restaurant OH Margot', 'Zuri Martinez Farah', '8.681.309-2', 'Venta al por menor', '3', 'Edificio Euromarina I - Lapislázuli, Viña del Mar, Chile', NULL, NULL, NULL, 'Viña del Mar', NULL, 'Zuri Martinez', 'Zuri', 'Martinez', 'sofia@tabolango.cl', '+56989928803', NULL, '', NULL, 1, -32.95663580, -71.54680800, 0, 'https://tabolango.cl/logos/logo_27_1768857157.png'),
(28, 0, NULL, 'Restaurante aquí y en la quebrada del ají', 'Marianela Flores Salinas', '8.477.980-6', 'Venta al por menor', '3', 'San Antonio 1318, Viña del Mar, Chile', NULL, NULL, NULL, 'Viña del Mar', NULL, 'Marianela Flores', 'Marianela', 'Flores', 'sofia@tabolango.cl', '+56983203654', NULL, '', NULL, 1, -33.00975750, -71.54238360, 0, NULL),
(29, 0, NULL, 'Restaurant Txipiron Ltda', 'Restaurant Txipiron Limitada', '76.213.382-2', 'RESTAURANTES COMIDA ESPAÑOLA.', '3', '6 Norte 96, Viña del Mar, Chile', NULL, NULL, NULL, 'Viña del Mar', NULL, 'Gonzalo Navarro', 'Gonzalo', 'Navarro', 'sofia@tabolango.cl', '+569569569', NULL, 'gerencia@txipiron.cl', NULL, 1, -33.01646220, -71.55757010, 0, 'https://tabolango.cl/logos/logo_29_1768857921.png'),
(30, 0, 'Pecado', 'Pecado del Inka - Ecuador', 'Pecado del Inka Spa', '76.733.231-9', 'Servicios de Restaurantes, Banquetes, Bodas, Pub, Minimarket', '3', 'Ecuador 280, Viña del Mar, Chile', NULL, NULL, NULL, 'Viña del Mar', NULL, 'Jhon Ortiz', 'Jhon', 'Ortiz', 'sofia@tabolango.cl', '+56984605662', NULL, 'jhonortizgamarra@gmail.com', NULL, 1, -33.02482570, -71.56018940, 0, 'https://tabolango.cl/logos/logo_30_1768857726.png'),
(31, 0, '', 'Central Inka', 'Inversiones Coricancha Limitada', '77.646.336-1', 'Servicios de restaurant y delivery', '3', '1 Oriente 1150, Viña del Mar, Chile', NULL, NULL, NULL, 'Viña del Mar', NULL, 'Jhon Ortiz', 'Jhon', 'Ortiz', 'sofia@tabolango.cl', '+56984605662', NULL, 'jhonortizgamarra@gmail.com', NULL, 1, -33.01090130, -71.54753640, 0, 'https://tabolango.cl/logos/logo_31_1768926872.png'),
(32, 0, '', 'Kosta Brava', 'Inversiones Mil Mares Limitada', '78.019.371-9', 'Restaurant', '3', 'Central 153, Viña del Mar, Chile', NULL, NULL, NULL, 'Viña del Mar', NULL, 'Jhon Ortiz', 'Jhon', 'Ortiz', 'sofia@tabolango.cl', '+56984605662', NULL, 'jhonortizgamarra@gmail.com', NULL, 1, -32.97048420, -71.54436120, 0, 'https://tabolango.cl/logos/logo_23_1768856337.png'),
(33, 0, NULL, 'Nitan Gourmet', 'Venta de productos veganos Maria Macarena Saavedra Zaror e.i.r.l', '77.015.783-8', 'Venta al por menor', '3', '6 Norte 880, Viña del Mar, Chile', NULL, NULL, NULL, 'Viña del Mar', NULL, 'Macarena Saavedra', 'Macarena', 'Saavedra', 'sofia@tabolango.cl', '+56994435868', NULL, '', NULL, 1, -33.01785700, -71.54826210, 0, 'https://tabolango.cl/logos/logo_33_1769100107.png'),
(34, 0, NULL, 'yo pruebo esta función', '', '12.345.678-9', 'Venta al por menor', '3', 'Trancura, Pucon, Pucón, Chile', NULL, NULL, NULL, 'Pucón', NULL, 'changos', 'changos', '', 'jandres@tabolango.cl', '+56997969342', NULL, 'lala@lala.cl', NULL, 0, -39.27704230, -71.97674860, 0, NULL),
(35, 0, NULL, 'tabolango go', 'Tabolango sp', '12.345.678-0', 'Venta al por menor', '3', 'Felipe II, Las Condes, Chile', NULL, NULL, NULL, 'Las Condes', NULL, 'hardo', 'hardo', '', 'jandres@tabolango.cl', '+56997969452', NULL, 'oo@oo.cll', NULL, 0, -33.42880550, -70.57889140, 0, NULL),
(36, 1, 'Pecado', 'Pecado del Inka', '', '76.411.867-7', 'Venta al por menor', '3', '12 Norte 1114, Viña del Mar, Chile', NULL, NULL, NULL, 'Viña del Mar', NULL, 'Jhon Ortíz', 'Jhon', 'Ortíz', 'sofia@tabolango.cl', '+56984605662', NULL, 'jhonortizgamarra@gmail.com', NULL, 1, -33.01214080, -71.54398470, 0, 'https://tabolango.cl/logos/logo_30_1768857726.png'),
(37, 0, NULL, 'Restaurant Kai Tiki', 'Kai Spa.', '77.662.554-K', 'Venta al por menor de alimentos', '4', 'Avenida del Mar 2500, Puchuncaví, Chile', NULL, NULL, NULL, 'Puchuncaví', NULL, 'Karyn', 'Karyn', '', 'sofia@tabolango.cl', '+56996576191', NULL, '', NULL, 1, -32.64965900, -71.44110350, 0, 'https://tabolango.cl/logos/logo_37_1769000699.png'),
(38, 0, NULL, 'Wok AND roll', 'Servicios Arba Chile Ltda', '76.078.780-9', 'Venta al por menor', '5', '5 Norte 476, Valparaíso, Viña del Mar, Chile', '', '', '', 'Viña del Mar', NULL, 'José Figueroa', 'José', 'Figueroa', 'jandres@tabolango.cl', '98499409', '+56998499409', 'jfigueroa@wokandroll.cl', '', 1, -33.01817870, -71.55365350, 0, 'https://tabolango.cl/logos/logo_38_1769184673.png'),
(39, 0, NULL, 'Pits Burger', 'Comercial er Ltda', '78.964.090-4', 'Venta al por menor', '3', 'Avenida Barros 792, Concón, Chile', NULL, NULL, NULL, 'Concón', NULL, '', '', '', 'sofia@tabolango.cl', '+56942694231', NULL, '', NULL, 1, -32.91995980, -71.51998280, 0, 'https://tabolango.cl/logos/logo_39_1770123055.png'),
(40, 0, 'Migue', 'Miguelayo - Tobalaba', '', '', 'Venta al por menor', '2', 'Avenida Hernando de Aguirre 35, Providencia, Chile', NULL, NULL, NULL, 'Providencia', NULL, '---', '---', '', '', '+56956956925', NULL, '', NULL, 1, -33.41865840, -70.60150600, 0, 'https://tabolango.cl/logos/logo_13_1767986519.png'),
(41, 0, NULL, 'Fogón Carmencha', 'RESTAURANTE CARMEN GLORIA ADRIAZOLA VALENZUELA E.I.R.L.', '77.979.406-7', 'Actividades de Restaurnte y Servicios', '3', 'Las Rosas Oriente 810, Concón, Chile', NULL, NULL, NULL, 'Concón', NULL, '', '', '', 'sofia@tabolango.cl', '+56969326521', NULL, '', NULL, 1, -32.93594700, -71.52389490, 0, 'https://tabolango.cl/logos/logo_41_1770123307.png'),
(42, 0, NULL, 'Swiss Café', 'SWISSCAFE SPA', '77.211.506-7', 'Venta al por menor', '3', 'Angamos 640, Viña del Mar, Chile', NULL, NULL, NULL, 'Viña del Mar', NULL, '', '', '', 'sofia@tabolango.cl', '+56998439252', NULL, '', NULL, 1, -32.97151300, -71.53769360, 0, 'https://tabolango.cl/logos/logo_42_1770123519.png'),
(43, 0, NULL, 'Cholos Criollos', 'INVERSIONES Y GASTRONOMIA CELINDA SPA', '77.044.924-3', 'Venta al por menor', '3', 'Avenida Borgoño 15280, Viña del Mar, Chile', NULL, NULL, NULL, 'Viña del Mar', NULL, '', '', '', 'sofia@tabolango.cl', '+56939491543', NULL, '', NULL, 1, -32.96993370, -71.54355090, 0, 'https://tabolango.cl/logos/logo_43_1770122878.png'),
(44, 0, NULL, 'Cevichotes Restaurant', 'LACREME SpA', '77.921.695-0', 'Venta al por menor', '5', 'Angamos 242, Viña del Mar, Chile', NULL, NULL, NULL, 'Viña del Mar', NULL, 'Matías Campusano', 'Matías', 'Campusano', 'sofia@tabolango.cl', '+56938643877', NULL, 'Mati.campusano.599@gmail.com', NULL, 1, -32.97176740, -71.54200410, 0, 'https://tabolango.cl/logos/logo_44_1770123589.png'),
(45, 0, NULL, 'JAC', 'Comercial JAC Spa', '77.995.120-0', 'Venta al por menor', '4', 'Las Fresas 4646, Vitacura, Chile', NULL, NULL, NULL, 'Vitacura', NULL, 'Jorge carvallo', 'Jorge', 'carvallo', 'sofia@tabolango.cl', '+56997778838', NULL, '', NULL, 1, -33.39992000, -70.58530830, 0, NULL),
(46, 0, NULL, 'Emanuel', 'Emanuel Spa', '78.295.823-2', 'Venta al por menor', '4', 'Av. del Mar 211, Maitencillo, Zapallar, Chile', NULL, NULL, NULL, 'Zapallar', NULL, 'Karina Herrera', 'Karina', 'Herrera', 'sofia@tabolango.cl', '', NULL, '', NULL, 1, -32.63429470, -71.42922120, 0, NULL),
(47, 0, NULL, 'Apianados', 'PIA CAROLINA LOPEZ VENEGAS', '15.777.341-0', 'Venta al por menor', '4', 'APIANADOS MAITENCILLO Marisquería apanada - Avenida del Mar 101, Puchuncaví, Chile', NULL, NULL, NULL, 'Puchuncaví', NULL, '', '', '', 'sofia@tabolango.cl', '', NULL, '', NULL, 1, -32.63345180, -71.42898450, 0, NULL),
(48, 0, NULL, 'Castillo Del Mar', 'Servicios Gastronómicos del mar Limitada', '76.251.579-2', 'Venta al por menor', '3', 'Av. Marina 50, Viña del Mar, Chile', NULL, NULL, NULL, 'Viña del Mar', NULL, 'Ronaldo Muñoz', 'Ronaldo', 'Muñoz', 'sofia@tabolango.cl', '+56989980753', NULL, '', NULL, 1, -33.02064270, -71.56522580, 0, 'https://tabolango.cl/logos/logo_48_1770122448.png'),
(49, 0, NULL, 'Bar Tees Costa Cachagua', 'Pachamama eventos SpA', '76.682.208-8', 'Venta al por menor', '4', 'Bar tees Costa Cachagua, Zapallar, Chile', NULL, NULL, NULL, 'Zapallar', NULL, 'Patricio Chacana', 'Patricio', 'Chacana', 'sofia@tabolango.cl', '+56956987690', NULL, 'pato.chacanafarfan@gmail.com', NULL, 1, -32.62495470, -71.42499640, 0, NULL),
(50, 0, NULL, 'Casa Tabolango', 'Sofia Andonaegui', '9.386.848-K', NULL, NULL, 'Camino Diego Portales 151, Tabolango, Limache, Chile', NULL, NULL, NULL, 'Limache', NULL, 'Sofia', 'Sofia', '', 'sofia@tabolango.cl', '+56956961131', NULL, 'sofia.ando@gmail.com', NULL, 1, -32.92583600, -71.37452600, 0, NULL),
(51, 0, NULL, 'Burgazo', 'Comercial deportiva Playa el Abanico Ltda', '76.058.219-0', 'Venta al por menor', '3', 'Burgazo Hamburgueserías, Puchuncaví, Chile', NULL, NULL, NULL, 'Puchuncaví', NULL, 'Ignacio', 'Ignacio', '', 'sofia@tabolango.cl', '+56993437188', NULL, '', NULL, 1, -32.68341000, -71.41314320, 0, NULL),
(52, 0, NULL, 'La Ruka', 'Victoria SpA', '78.085.799-4', 'Venta al por menor', '3', 'Camino Internacional, Viña del Mar, Chile', NULL, NULL, NULL, 'Viña del Mar', NULL, 'Claudia', 'Claudia', '', 'sofia@tabolango.cl', '+56923809409', NULL, '', NULL, 1, -32.92807289, -71.42610466, 0, NULL),
(53, 0, NULL, 'La Caleta', 'La Caleta Spa Restaurant', '77.902.269-2', 'Venta al por menor', '4', 'Avenida del Mar 2360, Puchuncaví, Chile', NULL, NULL, NULL, 'Puchuncaví', '', '', '', '', 'sofia@tabolango.cl', '+56996654318', NULL, '', NULL, 1, -32.64931120, -71.44018680, 0, NULL),
(55, 0, NULL, 'probando quinta', '', '', '', '4', 'El Mar 201, La Laguna, Zapallar, Chile', NULL, NULL, NULL, 'Zapallar', 'Petorca', '', '', '', 'jandres@tabolango.cl', '', NULL, '', NULL, 0, -32.62306710, -71.40232210, 0, NULL),
(56, 0, NULL, 'Pizzería Mónaco', 'Sociedad Comercial y de Inversiones Monaco Limitada', '77.209.884-7', 'Arriendo de Bs Inmuebles amoblados, Heladeria, Restaurant, cafeteria', '4', 'Mónaco Sports Bar - Avenida del Mar, Puchuncaví, Chile', NULL, NULL, NULL, 'Puchuncaví', 'Petorca', 'Nicolas Aguirre', 'Nicolas', 'Aguirre', 'sofia@tabolango.cl', '+56994409188', NULL, 'monacomaitencillo@gmail.com', NULL, 1, -32.64467760, -71.43237150, 0, 'https://tabolango.cl/logos/logo_56_1770478147.png'),
(57, 0, NULL, 'Empanadas Tio Mario', 'Sociedad comercial San Vicente limitada', '78.111.582-7', 'Venta al por menor', '4', 'Tio Mario, Restaurant, Puchuncaví, Chile', NULL, NULL, NULL, 'Puchuncaví', '', 'Paola', 'Paola', '', 'sofia@tabolango.cl', '+56948735810', NULL, '', NULL, 1, -32.68672900, -71.40892600, 0, NULL),
(58, 0, 'el templo', 'Pizzería El Templo - Quintay', 'JAIME ALBERTO MIRANDA BRAVO HOSPEDAJE Y HOTELERIA EMPRESA INDIVIDUAL DE RESPONSABILIDAD LIMITADA', '76.406.086-5', 'Actividades de restaurante', '3', '5 Norte 434, Viña del Mar, Chile', 'Los Almendros 751', 'Casablanca', 'Quintay', 'Viña del Mar', 'Concón', 'Maria Urrutia', 'Maria', 'Urrutia', 'sofia@tabolango.cl', '+56967022155', NULL, 'cmiranda95@gmail.com', NULL, 1, -33.01808520, -71.55414330, 0, 'https://tabolango.cl/logos/logo_21_1768239707.png'),
(59, 1, 'el templo', 'Pizzería El Templo', 'JAIME ALBERTO MIRANDA BRAVO HOSPEDAJE Y HOTELERIA EMPRESA INDIVIDUAL DE RESPONSABILIDAD LIMITADA', '76.406.086-5', 'Actividades de restaurante', '3', 'Santa Macarena 280, Concón, Chile', 'Los Almendros 751', 'Casablanca', 'Quintay', 'Concón', 'Concón', 'Carlos Miranda', 'Carlos', 'Miranda', 'jandres@tabolango.cl', '67022155', '+56967022155', 'cmiranda95@gmail.com', 'cmiranda95@gmail.com', 1, -32.94193630, -71.52124060, 0, 'https://tabolango.cl/logos/logo_21_1768239707.png'),
(60, 0, NULL, 'Valle Verde', 'Jerónimo Eduardo Velásquez Urrutia', '5.130.561-2', 'Hostería y Restaurant Valle Verde', '3', 'Camino Troncal 0388, Villa Alemana, Valparaíso, Chile', NULL, NULL, NULL, 'Villa Alemana', '', 'Victoria Aros', NULL, NULL, 'sofia@tabolango.cl', '+5695695695', NULL, 'eventos@valleverde.cl', NULL, 1, -33.03576700, -71.29507400, 0, NULL),
(61, 0, NULL, 'Fiero', 'FIERO FOGONERO SPA', '77.938.236-2', 'Restaurant', '3', 'Candelaria Goyenechea 3820, local 192, Vitacura, Chile', NULL, NULL, NULL, 'Vitacura', 'Vitacura', 'Felipe Carey', NULL, NULL, 'jandres@tabolango.cl', '+56989687503', NULL, 'Facturacion@fiero.cl', NULL, 1, -33.40069080, -70.59343000, 0, 'https://tabolango.cl/logos/logo_61_1770848963.png'),
(62, 0, 'el templo', 'Pizzería El Templo - Viña del Mar', 'JAIME ALBERTO MIRANDA BRAVO HOSPEDAJE Y HOTELERIA EMPRESA INDIVIDUAL DE RESPONSABILIDAD LIMITADA', '76.406.086-5', 'Actividades de restaurante', '3', '5 Norte 434, Viña del Mar, Chile', 'Los Almendros 751', 'Casablanca', 'Quintay', 'Viña del Mar', 'Viña del Mar', '', 'Carlos', 'Miranda', 'sofia@tabolango.cl', '', NULL, '', NULL, 1, -33.01808520, -71.55414330, 0, 'https://tabolango.cl/logos/logo_21_1768239707.png');

-- --------------------------------------------------------

--
-- Estructura de tabla para la tabla `facturas_historial`
--

CREATE TABLE `facturas_historial` (
  `id` int NOT NULL,
  `id_pedido_sistema` varchar(50) COLLATE utf8mb3_unicode_ci NOT NULL,
  `folio_sii` int DEFAULT NULL,
  `tipo_documento` varchar(20) COLLATE utf8mb3_unicode_ci DEFAULT 'factura',
  `total_facturado` int DEFAULT '0',
  `url_simpleapi` text COLLATE utf8mb3_unicode_ci,
  `ruta_archivo_local` text COLLATE utf8mb3_unicode_ci,
  `ruta_xml_local` text COLLATE utf8mb3_unicode_ci,
  `estado_api` varchar(50) COLLATE utf8mb3_unicode_ci DEFAULT NULL,
  `json_respuesta` text COLLATE utf8mb3_unicode_ci,
  `fecha_emision` datetime DEFAULT CURRENT_TIMESTAMP
) ENGINE=InnoDB DEFAULT CHARSET=utf8mb3 COLLATE=utf8mb3_unicode_ci;

--
-- Volcado de datos para la tabla `facturas_historial`
--

INSERT INTO `facturas_historial` (`id`, `id_pedido_sistema`, `folio_sii`, `tipo_documento`, `total_facturado`, `url_simpleapi`, `ruta_archivo_local`, `ruta_xml_local`, `estado_api`, `json_respuesta`, `fecha_emision`) VALUES
(31, 'TBL-030226-0331', 5876, 'guia', 0, 'SIMULADO', 'https://tabolango.cl/uploads/guia_de_despacho/G5876_TBL-030226-0331_SIM.pdf', 'https://tabolango.cl/uploads/guias_xml/G5876_TBL-030226-0331_SIM.xml', 'OK', 'Simulacion Local', '2026-02-03 10:32:05'),
(32, 'TBL-030226-0331', 6814, 'factura', 0, 'SIMULADO', 'https://tabolango.cl/uploads/facturas_api/F6814_TBL-030226-0331_SIM.pdf', 'https://tabolango.cl/uploads/facturas_xml/F6814_TBL-030226-0331_SIM.xml', 'OK', 'Simulacion Local', '2026-02-03 10:36:09'),
(33, 'TBL-030226-0331', 3688, 'factura', 0, 'SIMULADO', 'https://tabolango.cl/uploads/facturas_api/F3688_TBL-030226-0331_SIM.pdf', 'https://tabolango.cl/uploads/facturas_xml/F3688_TBL-030226-0331_SIM.xml', 'OK', 'Simulacion Local', '2026-02-03 10:40:53'),
(34, 'TBL-030226-0331', 7096, 'factura', 0, 'SIMULADO', 'https://tabolango.cl/uploads/facturas_api/F7096_TBL-030226-0331_SIM.pdf', 'https://tabolango.cl/uploads/facturas_xml/F7096_TBL-030226-0331_SIM.xml', 'OK', 'Simulacion Local', '2026-02-03 10:43:24'),
(35, 'TBL-020226-0309', 3929, 'guia', 0, 'SIMULADO', 'https://tabolango.cl/uploads/guia_de_despacho/G3929_TBL-020226-0309_SIM.pdf', 'https://tabolango.cl/uploads/guias_xml/G3929_TBL-020226-0309_SIM.xml', 'OK', 'Simulacion Local', '2026-02-03 15:11:02'),
(36, 'TBL-100226-0637', 7740, 'guia', 0, 'SIMULADO', 'https://tabolango.cl/uploads/guia_de_despacho/G7740_TBL-100226-0637_SIM.pdf', 'https://tabolango.cl/uploads/guias_xml/G7740_TBL-100226-0637_SIM.xml', 'OK', 'Simulacion Local', '2026-02-10 10:36:54'),
(37, 'TBL-100226-0637', 7036, 'factura', 0, 'SIMULADO', 'https://tabolango.cl/uploads/facturas_api/F7036_TBL-100226-0637_SIM.pdf', 'https://tabolango.cl/uploads/facturas_xml/F7036_TBL-100226-0637_SIM.xml', 'OK', 'Simulacion Local', '2026-02-10 18:27:32'),
(47, 'TBL-110226-0647', 146, 'guia', 0, NULL, NULL, 'https://tabolango.cl/uploads/guia_de_despacho/G146_TBL-110226-0647.pdf', 'OK', 'XML Recibido', '2026-02-11 12:31:33'),
(49, 'TBL-090226-0614', 251, 'factura', 0, NULL, NULL, 'https://tabolango.cl/uploads/facturas_api/F251_TBL-090226-0614.pdf', 'OK', 'XML Recibido', '2026-02-11 12:40:51'),
(50, 'TBL-100226-0638', NULL, 'factura', 0, NULL, NULL, NULL, 'ERROR', 'NO HAY UN CÓDIGO DE AUTORIZACIÓN DE FOLIOS (CAF) ASIGNADO PARA ESTE TIPO DE DOCUMENTO (33) QUE INCLUYA EL FOLIO REQUERIDO (0).', '2026-02-11 12:45:44'),
(51, 'TBL-100226-0638', NULL, 'factura', 0, NULL, NULL, NULL, 'ERROR', 'NO HAY UN CÓDIGO DE AUTORIZACIÓN DE FOLIOS (CAF) ASIGNADO PARA ESTE TIPO DE DOCUMENTO (33) QUE INCLUYA EL FOLIO REQUERIDO (0).', '2026-02-11 12:49:08'),
(52, 'TBL-100226-0638', 252, 'factura', 0, NULL, NULL, 'https://tabolango.cl/uploads/facturas_api/F252_TBL-100226-0638.pdf', 'OK', 'XML Recibido', '2026-02-11 12:49:25'),
(53, 'TBL-100226-0640', 253, 'factura', 0, NULL, NULL, 'https://tabolango.cl/uploads/facturas_api/F253_TBL-100226-0640.pdf', 'OK', 'XML Recibido', '2026-02-11 12:52:42'),
(54, 'TBL-110226-0647', NULL, 'guia', 0, NULL, NULL, NULL, 'ERROR', 'No hay detalles en el documento.', '2026-02-11 15:22:59'),
(55, 'TBL-110226-0647', NULL, 'guia', 0, NULL, NULL, NULL, 'ERROR', 'No hay detalles en el documento.', '2026-02-11 15:25:13'),
(56, 'TBL-110226-0647', NULL, 'guia', 0, NULL, NULL, NULL, 'ERROR', 'No hay detalles en el documento.', '2026-02-11 15:28:23'),
(57, 'TBL-110226-0647', NULL, 'guia', 0, NULL, NULL, NULL, 'ERROR', 'No hay detalles en el documento.', '2026-02-11 15:28:34'),
(58, 'TBL-110226-0647', NULL, 'guia', 0, NULL, NULL, NULL, 'ERROR', 'No hay detalles en el documento.', '2026-02-11 15:31:42'),
(59, 'TBL-110226-0647', 147, 'guia', 0, NULL, NULL, 'https://tabolango.cl/uploads/guia_de_despacho/G147_TBL-110226-0647.pdf', 'OK', 'Enviado SII | Sin TrackID', '2026-02-11 15:35:58'),
(60, 'TBL-110226-0647', 148, 'guia', 0, NULL, NULL, 'https://tabolango.cl/uploads/guia_de_despacho/G148_TBL-110226-0647.pdf', 'OK', 'Enviado SII | Sin TrackID', '2026-02-11 15:39:54'),
(61, 'TBL-110226-0647', 149, 'guia', 0, NULL, NULL, 'https://tabolango.cl/uploads/guia_de_despacho/G149_TBL-110226-0647.pdf', 'OK', 'Enviado SII | Sin TrackID', '2026-02-11 15:42:55'),
(62, 'TBL-110226-0647', 150, 'guia', 0, NULL, NULL, 'https://tabolango.cl/uploads/guia_de_despacho/G150_TBL-110226-0647.pdf', 'OK', 'Enviado SII | Sin TrackID', '2026-02-11 15:48:31'),
(63, 'TBL-090226-0614', 254, 'factura', 0, NULL, NULL, 'https://tabolango.cl/uploads/facturas_api/F254_TBL-090226-0614.pdf', 'OK', 'Enviado SII | Sin TrackID', '2026-02-11 15:54:23'),
(64, 'TBL-100226-0638', 255, 'factura', 0, NULL, NULL, 'https://tabolango.cl/uploads/facturas_api/F255_TBL-100226-0638.pdf', 'OK', 'Enviado SII | Sin TrackID', '2026-02-11 16:03:30'),
(65, 'TBL-100226-0640', 256, 'factura', 0, NULL, NULL, 'https://tabolango.cl/uploads/facturas_api/F256_TBL-100226-0640.pdf', 'OK', 'Enviado SII | Sin TrackID', '2026-02-11 16:07:44'),
(66, 'TBL-100226-0641', 151, 'guia', 0, NULL, NULL, 'https://tabolango.cl/uploads/guia_de_despacho/G151_TBL-100226-0641.pdf', 'OK', 'Enviado SII | Sin TrackID', '2026-02-12 09:20:32'),
(67, 'TBL-110226-0656', 152, 'guia', 0, NULL, NULL, 'https://tabolango.cl/uploads/guia_de_despacho/G152_TBL-110226-0656.pdf', 'OK', 'Enviado SII | Sin TrackID', '2026-02-12 09:21:40'),
(68, 'TBL-110226-0653', 153, 'guia', 0, NULL, NULL, 'https://tabolango.cl/uploads/guia_de_despacho/G153_TBL-110226-0653.pdf', 'OK', 'Enviado SII | Sin TrackID', '2026-02-12 10:48:22'),
(69, 'TBL-100226-0641', NULL, 'factura', 0, NULL, NULL, NULL, 'ERROR', '', '2026-02-12 17:41:39'),
(70, 'TBL-100226-0641', NULL, 'factura', 0, NULL, NULL, NULL, 'ERROR', '', '2026-02-12 17:42:43'),
(71, 'TBL-100226-0641', NULL, 'factura', 0, NULL, NULL, NULL, 'ERROR', '', '2026-02-12 17:43:44'),
(72, 'TBL-100226-0641', NULL, 'factura', 0, NULL, NULL, NULL, 'ERROR', '', '2026-02-12 17:47:32'),
(73, 'TBL-100226-0641', NULL, 'factura', 0, NULL, NULL, NULL, 'ERROR', '', '2026-02-12 17:48:04'),
(74, 'TBL-100226-0641', NULL, 'factura', 0, NULL, NULL, NULL, 'ERROR', '', '2026-02-12 17:49:34'),
(75, 'TBL-100226-0641', NULL, 'factura', 0, NULL, NULL, NULL, 'ERROR', '', '2026-02-12 17:53:53'),
(76, 'TBL-100226-0641', NULL, 'factura', 0, NULL, NULL, NULL, 'ERROR', '', '2026-02-12 17:57:31'),
(77, 'TBL-100226-0641', NULL, 'factura', 0, NULL, NULL, NULL, 'ERROR', '', '2026-02-12 17:59:02'),
(78, 'TBL-100226-0641', NULL, 'factura', 0, NULL, NULL, NULL, 'ERROR', '', '2026-02-12 18:02:07'),
(79, 'TBL-100226-0641', NULL, 'factura', 0, NULL, NULL, NULL, 'ERROR', '', '2026-02-12 18:04:31'),
(80, 'TBL-100226-0641', NULL, 'factura', 0, NULL, NULL, NULL, 'ERROR', '', '2026-02-12 18:05:07'),
(81, 'TBL-100226-0641', 257, 'factura', 0, NULL, NULL, 'https://tabolango.cl/uploads/facturas_api/F257_TBL-100226-0641.pdf', 'OK', 'Enviado SII | Sin TrackID', '2026-02-12 18:10:40'),
(82, 'TBL-110226-0653', 258, 'factura', 0, NULL, NULL, 'https://tabolango.cl/uploads/facturas_api/F258_TBL-110226-0653.pdf', 'OK', 'Enviado SII | Sin TrackID', '2026-02-12 18:15:31'),
(83, 'TBL-120226-0667', NULL, 'factura', 0, NULL, NULL, NULL, 'ERROR', '', '2026-02-13 10:38:54'),
(84, 'TBL-120226-0667', NULL, 'factura', 0, NULL, NULL, NULL, 'ERROR', '', '2026-02-13 10:41:04'),
(85, 'TBL-120226-0667', NULL, 'factura', 0, NULL, NULL, NULL, 'ERROR', '', '2026-02-13 10:50:13'),
(86, 'TBL-120226-0667', NULL, 'factura', 0, NULL, NULL, NULL, 'ERROR', '', '2026-02-13 10:50:35'),
(87, 'TBL-120226-0667', NULL, 'factura', 0, NULL, NULL, NULL, 'ERROR', 'NO HAY UN CÓDIGO DE AUTORIZACIÓN DE FOLIOS (CAF) ASIGNADO PARA ESTE TIPO DE DOCUMENTO (33) QUE INCLUYA EL FOLIO REQUERIDO (0).', '2026-02-13 10:52:28'),
(88, 'TBL-120226-0667', NULL, 'factura', 0, NULL, NULL, NULL, 'ERROR', 'NO HAY UN CÓDIGO DE AUTORIZACIÓN DE FOLIOS (CAF) ASIGNADO PARA ESTE TIPO DE DOCUMENTO (33) QUE INCLUYA EL FOLIO REQUERIDO (0).', '2026-02-13 10:52:35'),
(89, 'TBL-120226-0667', 259, 'factura', 0, NULL, NULL, 'https://tabolango.cl/uploads/facturas_api/F259_TBL-120226-0667.pdf', 'OK', 'Enviado SII | Sin TrackID', '2026-02-13 10:55:15'),
(90, 'TBL-120226-0667', 260, 'factura', 0, NULL, NULL, 'https://tabolango.cl/uploads/facturas_api/F260_TBL-120226-0667.pdf', 'OK', 'Enviado SII | SIMULADO', '2026-02-13 11:04:51'),
(91, 'TBL-120226-0667', 18, 'nota_credito', 0, NULL, NULL, 'uploads/facturas_xml/NC18_TBL-120226-0667.xml', 'OK', NULL, '2026-02-13 12:08:43'),
(92, 'TBL-110226-0649', 154, 'guia', 0, NULL, NULL, 'https://tabolango.cl/uploads/guia_de_despacho/G154_TBL-110226-0649.pdf', 'OK', 'Enviado SII | Sin TrackID', '2026-02-13 12:58:10'),
(93, 'TBL-130226-0682', 155, 'guia', 0, NULL, NULL, 'https://tabolango.cl/uploads/guia_de_despacho/G155_TBL-130226-0682.pdf', 'OK', 'Enviado SII | Sin TrackID', '2026-02-13 12:58:24'),
(94, 'TBL-130226-0684', 156, 'guia', 0, NULL, NULL, 'https://tabolango.cl/uploads/guia_de_despacho/G156_TBL-130226-0684.pdf', 'OK', 'Enviado SII | Sin TrackID', '2026-02-13 12:58:35'),
(95, 'TBL-130226-0671', 157, 'guia', 0, NULL, NULL, 'https://tabolango.cl/uploads/guia_de_despacho/G157_TBL-130226-0671.pdf', 'OK', 'Enviado SII | Sin TrackID', '2026-02-13 12:58:45'),
(96, 'TBL-130226-0670', 158, 'guia', 0, NULL, NULL, 'https://tabolango.cl/uploads/guia_de_despacho/G158_TBL-130226-0670.pdf', 'OK', 'Enviado SII | Sin TrackID', '2026-02-13 12:58:54'),
(97, 'TBL-130226-0668', 159, 'guia', 0, NULL, NULL, 'https://tabolango.cl/uploads/guia_de_despacho/G159_TBL-130226-0668.pdf', 'OK', 'Enviado SII | Sin TrackID', '2026-02-13 12:59:13'),
(98, 'TBL-130226-0686', 160, 'guia', 0, NULL, NULL, 'https://tabolango.cl/uploads/guia_de_despacho/G160_TBL-130226-0686.pdf', 'OK', 'Enviado SII | Sin TrackID', '2026-02-13 12:59:23'),
(99, 'TBL-130226-0681', 161, 'guia', 0, NULL, NULL, 'https://tabolango.cl/uploads/guia_de_despacho/G161_TBL-130226-0681.pdf', 'OK', 'Enviado SII | Sin TrackID', '2026-02-13 12:59:33'),
(100, 'TBL-130226-0674', 162, 'guia', 0, NULL, NULL, 'https://tabolango.cl/uploads/guia_de_despacho/G162_TBL-130226-0674.pdf', 'OK', 'Enviado SII | Sin TrackID', '2026-02-13 12:59:46'),
(101, 'TBL-120226-0665', 163, 'guia', 0, NULL, NULL, 'https://tabolango.cl/uploads/guia_de_despacho/G163_TBL-120226-0665.pdf', 'OK', 'Enviado SII | Sin TrackID', '2026-02-13 12:59:57'),
(102, 'TBL-120226-0661', 164, 'guia', 0, NULL, NULL, 'https://tabolango.cl/uploads/guia_de_despacho/G164_TBL-120226-0661.pdf', 'OK', 'Enviado SII | Sin TrackID', '2026-02-13 13:00:07'),
(103, 'TBL-130226-0668', 260, 'factura', 0, NULL, NULL, 'https://tabolango.cl/uploads/facturas_api/F260_TBL-130226-0668.pdf', 'OK', 'Enviado SII | Sin TrackID', '2026-02-13 13:33:09'),
(104, 'TBL-130226-0686', 261, 'factura', 0, NULL, NULL, 'https://tabolango.cl/uploads/facturas_api/F261_TBL-130226-0686.pdf', 'OK', 'Enviado SII | Sin TrackID', '2026-02-13 13:53:17'),
(105, 'TBL-120226-0661', 262, 'factura', 0, NULL, NULL, 'https://tabolango.cl/uploads/facturas_api/F262_TBL-120226-0661.pdf', 'OK', 'Enviado SII | Sin TrackID', '2026-02-13 14:21:25'),
(106, 'TBL-130226-0671', 263, 'factura', 0, NULL, NULL, 'https://tabolango.cl/uploads/facturas_api/F263_TBL-130226-0671.pdf', 'OK', 'Enviado SII | Sin TrackID', '2026-02-13 14:42:34'),
(107, 'TBL-130226-0670', 264, 'factura', 0, NULL, NULL, 'https://tabolango.cl/uploads/facturas_api/F264_TBL-130226-0670.pdf', 'OK', 'Enviado SII | Sin TrackID', '2026-02-13 14:46:33'),
(108, 'TBL-120226-0665', 265, 'factura', 0, NULL, NULL, 'https://tabolango.cl/uploads/facturas_api/F265_TBL-120226-0665.pdf', 'OK', 'Enviado SII | Sin TrackID', '2026-02-13 14:58:44'),
(109, 'TBL-130226-0681', 266, 'factura', 0, NULL, NULL, 'https://tabolango.cl/uploads/facturas_api/F266_TBL-130226-0681.pdf', 'OK', 'Enviado SII | Sin TrackID', '2026-02-13 15:10:25'),
(110, 'TBL-130226-0674', 267, 'factura', 0, NULL, NULL, 'https://tabolango.cl/uploads/facturas_api/F267_TBL-130226-0674.pdf', 'OK', 'Enviado SII | Sin TrackID', '2026-02-13 15:31:12'),
(111, 'TBL-130226-0684', 268, 'factura', 0, NULL, NULL, 'https://tabolango.cl/uploads/facturas_api/F268_TBL-130226-0684.pdf', 'OK', 'Enviado SII | Sin TrackID', '2026-02-13 16:01:11'),
(112, 'TBL-130226-0682', 269, 'factura', 0, NULL, NULL, 'https://tabolango.cl/uploads/facturas_api/F269_TBL-130226-0682.pdf', 'OK', 'Enviado SII | Sin TrackID', '2026-02-13 16:01:26'),
(113, 'TBL-110226-0649', 270, 'factura', 0, NULL, NULL, 'https://tabolango.cl/uploads/facturas_api/F270_TBL-110226-0649.pdf', 'OK', 'Enviado SII | Sin TrackID', '2026-02-13 20:05:43'),
(114, 'TBL-130226-0687', 165, 'guia', 0, NULL, NULL, 'https://tabolango.cl/uploads/guia_de_despacho/G165_TBL-130226-0687.pdf', 'OK', 'Enviado SII | Sin TrackID', '2026-02-14 10:11:47'),
(115, 'TBL-130226-0716', 166, 'guia', 0, NULL, NULL, 'https://tabolango.cl/uploads/guia_de_despacho/G166_TBL-130226-0716.pdf', 'OK', 'Enviado SII | Sin TrackID', '2026-02-14 10:12:00'),
(116, 'TBL-130226-0716', 271, 'factura', 0, NULL, NULL, 'https://tabolango.cl/uploads/facturas_api/F271_TBL-130226-0716.pdf', 'OK', 'Enviado SII | Sin TrackID', '2026-02-14 11:31:08'),
(117, 'TBL-130226-0687', 272, 'factura', 0, NULL, NULL, 'https://tabolango.cl/uploads/facturas_api/F272_TBL-130226-0687.pdf', 'OK', 'Enviado SII | Sin TrackID', '2026-02-14 11:50:57');

-- --------------------------------------------------------

--
-- Estructura de tabla para la tabla `pedidos_activos`
--

CREATE TABLE `pedidos_activos` (
  `id_interno` int NOT NULL,
  `id_pedido` varchar(30) CHARACTER SET utf8mb3 COLLATE utf8mb3_unicode_ci DEFAULT NULL,
  `fecha_creacion` timestamp NULL DEFAULT CURRENT_TIMESTAMP,
  `creado_por` varchar(100) CHARACTER SET utf8mb3 COLLATE utf8mb3_unicode_ci DEFAULT NULL,
  `cliente` varchar(100) CHARACTER SET utf8mb3 COLLATE utf8mb3_unicode_ci DEFAULT NULL,
  `id_interno_cliente` int DEFAULT NULL,
  `producto` varchar(100) CHARACTER SET utf8mb3 COLLATE utf8mb3_unicode_ci DEFAULT NULL,
  `cantidad` decimal(10,2) DEFAULT NULL,
  `precio_unitario` decimal(10,2) DEFAULT NULL,
  `costo_unitario` decimal(10,2) DEFAULT NULL,
  `total_venta` decimal(10,2) DEFAULT NULL,
  `total_costo` decimal(10,2) DEFAULT NULL,
  `margen` decimal(10,2) DEFAULT NULL,
  `estado` enum('Confirmado','En preparación','En despacho','Entregado') CHARACTER SET utf8mb3 COLLATE utf8mb3_unicode_ci DEFAULT 'Confirmado',
  `fecha_despacho` date DEFAULT NULL,
  `observaciones` text CHARACTER SET utf8mb3 COLLATE utf8mb3_unicode_ci,
  `qr_token` varchar(255) CHARACTER SET utf8mb3 COLLATE utf8mb3_unicode_ci DEFAULT NULL,
  `fecha_ultima_actualizacion` timestamp NULL DEFAULT CURRENT_TIMESTAMP ON UPDATE CURRENT_TIMESTAMP,
  `precio_por_kilo` decimal(10,2) DEFAULT NULL,
  `numero_factura` varchar(20) COLLATE utf8mb3_unicode_ci DEFAULT NULL,
  `numero_guia` varchar(50) COLLATE utf8mb3_unicode_ci DEFAULT NULL,
  `costo_por_kilo` decimal(10,2) DEFAULT NULL,
  `url_factura` varchar(255) CHARACTER SET utf8mb3 COLLATE utf8mb3_unicode_ci DEFAULT NULL,
  `url_factura_firmada` varchar(255) CHARACTER SET utf8mb3 COLLATE utf8mb3_unicode_ci DEFAULT NULL,
  `url_guia` varchar(255) COLLATE utf8mb3_unicode_ci DEFAULT NULL,
  `evidencia_entrega` varchar(255) COLLATE utf8mb3_unicode_ci DEFAULT NULL,
  `lat_entrega` decimal(10,8) DEFAULT NULL,
  `lng_entrega` decimal(11,8) DEFAULT NULL,
  `lat_preparacion` decimal(10,8) DEFAULT NULL,
  `lng_preparacion` decimal(11,8) DEFAULT NULL,
  `id_sede_interna` int DEFAULT NULL,
  `id_producto` varchar(5) COLLATE utf8mb3_unicode_ci DEFAULT NULL,
  `ultima_edicion` datetime DEFAULT NULL,
  `editado_por` varchar(150) COLLATE utf8mb3_unicode_ci DEFAULT NULL,
  `whatsapp_enviado` datetime DEFAULT NULL,
  `observacion_entrega` text COLLATE utf8mb3_unicode_ci,
  `estado_nota_credito` varchar(50) COLLATE utf8mb3_unicode_ci DEFAULT NULL,
  `numero_nc` int DEFAULT '0'
) ENGINE=InnoDB DEFAULT CHARSET=utf8mb3 COLLATE=utf8mb3_unicode_ci;

--
-- Volcado de datos para la tabla `pedidos_activos`
--

INSERT INTO `pedidos_activos` (`id_interno`, `id_pedido`, `fecha_creacion`, `creado_por`, `cliente`, `id_interno_cliente`, `producto`, `cantidad`, `precio_unitario`, `costo_unitario`, `total_venta`, `total_costo`, `margen`, `estado`, `fecha_despacho`, `observaciones`, `qr_token`, `fecha_ultima_actualizacion`, `precio_por_kilo`, `numero_factura`, `numero_guia`, `costo_por_kilo`, `url_factura`, `url_factura_firmada`, `url_guia`, `evidencia_entrega`, `lat_entrega`, `lng_entrega`, `lat_preparacion`, `lng_preparacion`, `id_sede_interna`, `id_producto`, `ultima_edicion`, `editado_por`, `whatsapp_enviado`, `observacion_entrega`, `estado_nota_credito`, `numero_nc`) VALUES
(43, 'TBL-050126-0001', '2026-01-05 17:00:24', 'Juan Andrés Espinosa', 'Carreño y Garcia Limitada', 2, 'Tomates 20 Kilos', 150.00, 12200.00, 10084.00, 1830000.00, 1512600.00, 317400.00, 'Entregado', '2025-12-16', ' | [!] Entrega forzada por Admin fuera de rango GPS.', '940c71050fb29a62ff0a793b0cb081f8', '2026-02-10 20:56:22', 610.00, '95', NULL, 504.00, NULL, 'https://tabolango.cl/uploads/firmadas/f_TBL-050126-0001_1767636411.jpg', NULL, NULL, -33.42725000, -70.65002000, NULL, NULL, 2, '1', NULL, NULL, '2026-02-10 17:56:22', NULL, NULL, 0),
(44, 'TBL-050126-0044', '2026-01-05 17:01:03', 'Juan Andrés Espinosa', 'Carreño y Garcia Limitada', 2, 'Tomates 17,5 Kilos', 210.00, 10675.00, 8823.00, 2241750.00, 1852935.00, 388815.00, 'Entregado', '2025-12-22', ' | [!] Entrega forzada por Admin fuera de rango GPS.', 'd1a069c801062ceb7758b61d3c76ce61', '2026-02-10 20:56:22', 610.00, '96', NULL, 504.00, NULL, 'https://tabolango.cl/uploads/firmadas/f_TBL-050126-0044_1767636483.jpg', NULL, NULL, -33.42725000, -70.65002000, NULL, NULL, 2, NULL, NULL, NULL, '2026-02-10 17:56:22', NULL, NULL, 0),
(45, 'TBL-050126-0045', '2026-01-05 17:02:03', 'Juan Andrés Espinosa', 'Carreño y Garcia Limitada', 2, 'Tomates 20 Kilos', 300.00, 12200.00, 10084.00, 4270000.00, 3025200.00, 1244800.00, 'Entregado', '2025-12-27', ' | [!] Entrega forzada por Admin fuera de rango GPS.', 'd7861a83257956eddf79ccfe31ff75d6', '2026-02-10 20:56:22', 730.00, '97', NULL, 672.00, NULL, 'https://tabolango.cl/uploads/firmadas/f_TBL-050126-0045_1767636522.jpg', NULL, NULL, -33.42725000, -70.65002000, NULL, NULL, 2, '1', NULL, NULL, '2026-02-10 17:56:22', NULL, NULL, 0),
(47, 'TBL-050126-0047', '2026-01-05 17:02:50', 'Juan Andrés Espinosa', 'Carreño y Garcia Limitada', 2, 'Tomates 20 Kilos', 120.00, 14600.00, 13445.00, 1752000.00, 1613400.00, 138600.00, 'Entregado', '2025-12-30', ' | [!] Entrega forzada por Admin fuera de rango GPS.', '9dd60392bac3a7f53e9f92d6408646ee', '2026-02-10 20:56:22', 730.00, '109', NULL, 672.00, NULL, 'https://tabolango.cl/uploads/firmadas/f_TBL-050126-0047_1767637101.jpg', NULL, NULL, -33.42725000, -70.65002000, NULL, NULL, 2, '1', NULL, NULL, '2026-02-10 17:56:22', NULL, NULL, 0),
(48, 'TBL-050126-0048', '2026-01-05 17:03:50', 'Juan Andrés Espinosa', 'Carreño y Garcia Limitada', 2, 'Tomates 20 Kilos', 30.00, 14600.00, 13445.00, 438000.00, 403350.00, 34650.00, 'Entregado', '2025-12-31', ' | [!] Entrega forzada por Admin fuera de rango GPS.', '7c0bf3afd404ff9a3eaca1c63c95e44a', '2026-02-10 20:56:22', 730.00, '110', NULL, 672.00, NULL, 'https://tabolango.cl/uploads/firmadas/f_TBL-050126-0048_1767636567.jpg', NULL, NULL, -33.42725000, -70.65002000, NULL, NULL, 2, '1', NULL, NULL, '2026-02-10 17:56:22', NULL, NULL, 0),
(49, 'TBL-050126-0048', '2026-01-05 17:03:50', 'Juan Andrés Espinosa', 'Carreño y Garcia Limitada', 2, 'Tomates 18 Kilos', 161.00, 13140.00, 12100.00, 2115540.00, 1948235.00, 167305.00, 'Entregado', '2025-12-31', ' | [!] Entrega forzada por Admin fuera de rango GPS.', '7c0bf3afd404ff9a3eaca1c63c95e44a', '2026-02-10 20:56:22', 730.00, '110', NULL, 672.00, NULL, 'https://tabolango.cl/uploads/firmadas/f_TBL-050126-0048_1767636567.jpg', NULL, NULL, -33.42725000, -70.65002000, NULL, NULL, 2, '2', NULL, NULL, '2026-02-10 17:56:22', NULL, NULL, 0),
(50, 'TBL-050126-0050', '2026-01-05 17:04:30', 'Juan Andrés Espinosa', 'Carreño y Garcia Limitada', 2, 'Tomates 20 Kilos', 300.00, 13276.00, 13445.00, 3982800.00, 3781500.00, 201300.00, 'Entregado', '2026-01-03', ' | [!] Entrega forzada por Admin fuera de rango GPS.', 'f3a9eb519159ffb223a0ceda99c1d20a', '2026-02-10 20:56:22', 730.00, '111', NULL, 672.00, NULL, 'https://tabolango.cl/uploads/firmadas/f_TBL-050126-0050_1767636632.jpg', NULL, NULL, -33.42725000, -70.65002000, NULL, NULL, 2, '1', NULL, NULL, '2026-02-10 17:56:22', NULL, NULL, 0),
(51, 'TBL-050126-0051', '2026-01-05 17:04:53', 'Sofia Andonaegui', 'Carreño y Garcia Limitada', 2, 'Tomates 20 Kilos', 150.00, 13153.14, 13445.00, 1972971.00, 1890750.00, 82221.00, 'Entregado', '2026-01-06', ' | [!] Entrega forzada fuera de rango.', '825be9d6dd374fb4faf95d1f450bd87b', '2026-02-10 20:56:22', 730.00, '112', NULL, 672.00, NULL, 'https://tabolango.cl/uploads/firmadas/f_TBL-050126-0051_1767750242.jpg', NULL, NULL, -33.42725000, -70.65002000, NULL, NULL, 2, '1', NULL, NULL, '2026-02-10 17:56:22', NULL, NULL, 0),
(62, 'TBL-070126-0062', '2026-01-07 11:45:27', 'Sofia Andonaegui', 'Montemarket', 3, 'Tomates 20 Kilos', 5.00, 14600.00, 13445.00, 73000.00, 67225.00, 5775.00, 'Entregado', '2026-01-07', ' | [!] Entrega forzada fuera de rango.', '2785aae2fa5d6b62dcceccefbe996e90', '2026-02-10 20:56:22', 730.00, '114', NULL, 672.00, 'https://tabolango.cl/uploads/facturas/fact_TBL-070126-0062_1767789099.pdf', 'https://tabolango.cl/uploads/firmadas/f_TBL-070126-0062_1767794530.jpg', NULL, NULL, -32.93555000, -71.52863000, NULL, NULL, 3, '1', NULL, NULL, '2026-02-10 17:56:22', NULL, NULL, 0),
(75, 'TBL-120126-0075', '2026-01-12 16:35:29', 'Sofia Andonaegui', 'Pizzería El Templo', 21, 'Champiñón', 5.00, 5700.00, 5168.00, 28500.00, 25840.00, 2660.00, 'Entregado', '2026-01-13', '', '679112d5012ca4a8fdab4c4872efbdfa', '2026-02-10 20:56:22', 5700.00, '115', NULL, 5168.00, NULL, 'https://tabolango.cl/uploads/firmadas/f_TBL-120126-0075_1768316675.jpg', 'https://tabolango.cl/uploads/guia_de_despacho/guia_TBL-120126-0075_1768309953.jpg', NULL, -32.94146280, -71.52113032, NULL, NULL, NULL, '7', NULL, NULL, '2026-02-10 17:56:22', NULL, NULL, 0),
(76, 'TBL-120126-0075', '2026-01-12 16:35:29', 'Sofia Andonaegui', 'Pizzería El Templo', 21, 'Champiñón', 5.00, 3600.00, 2941.00, 18000.00, 14705.00, 3295.00, 'Entregado', '2026-01-13', '', '679112d5012ca4a8fdab4c4872efbdfa', '2026-02-10 20:56:22', 3600.00, '115', NULL, 2941.00, NULL, 'https://tabolango.cl/uploads/firmadas/f_TBL-120126-0075_1768316675.jpg', 'https://tabolango.cl/uploads/guia_de_despacho/guia_TBL-120126-0075_1768309953.jpg', NULL, -32.94146280, -71.52113032, NULL, NULL, NULL, '9', NULL, NULL, '2026-02-10 17:56:22', NULL, NULL, 0),
(77, 'TBL-120126-0075', '2026-01-12 16:35:29', 'Sofia Andonaegui', 'Pizzería El Templo', 21, 'Tomate', 1.00, 11305.00, 9244.00, 11305.00, 9244.00, 2061.00, 'Entregado', '2026-01-13', '', '679112d5012ca4a8fdab4c4872efbdfa', '2026-02-10 20:56:22', 665.00, '115', NULL, 543.76, NULL, 'https://tabolango.cl/uploads/firmadas/f_TBL-120126-0075_1768316675.jpg', 'https://tabolango.cl/uploads/guia_de_despacho/guia_TBL-120126-0075_1768309953.jpg', NULL, -32.94146280, -71.52113032, NULL, NULL, NULL, '8', NULL, NULL, '2026-02-10 17:56:22', NULL, NULL, 0),
(78, 'TBL-120126-0075', '2026-01-12 16:35:29', 'Sofia Andonaegui', 'Pizzería El Templo', 21, 'Palta Hass', 10.00, 2700.00, 2268.00, 27000.00, 22680.00, 4320.00, 'Entregado', '2026-01-13', '', '679112d5012ca4a8fdab4c4872efbdfa', '2026-02-10 20:56:22', 2700.00, '115', NULL, 2268.00, NULL, 'https://tabolango.cl/uploads/firmadas/f_TBL-120126-0075_1768316675.jpg', 'https://tabolango.cl/uploads/guia_de_despacho/guia_TBL-120126-0075_1768309953.jpg', NULL, -32.94146280, -71.52113032, NULL, NULL, NULL, '10', NULL, NULL, '2026-02-10 17:56:22', NULL, NULL, 0),
(79, 'TBL-120126-0075', '2026-01-12 16:35:29', 'Sofia Andonaegui', 'Pizzería El Templo', 21, 'Palta Hass', 10.00, 2400.00, 2100.00, 24000.00, 21000.00, 3000.00, 'Entregado', '2026-01-13', '', '679112d5012ca4a8fdab4c4872efbdfa', '2026-02-10 20:56:22', 2400.00, '115', NULL, 2100.00, NULL, 'https://tabolango.cl/uploads/firmadas/f_TBL-120126-0075_1768316675.jpg', 'https://tabolango.cl/uploads/guia_de_despacho/guia_TBL-120126-0075_1768309953.jpg', NULL, -32.94146280, -71.52113032, NULL, NULL, NULL, '5', NULL, NULL, '2026-02-10 17:56:22', NULL, NULL, 0),
(80, 'TBL-120126-0080', '2026-01-12 19:17:58', 'Sofia Andonaegui', 'Montemarket', 3, 'Tomate', 10.00, 12070.00, 10924.00, 120700.00, 109240.00, 11460.00, 'Entregado', '2026-01-13', '', '9fdd33d1136f9a1a9d9d525e33b9ab0c', '2026-02-10 20:56:22', 710.00, '117', NULL, 643.00, NULL, 'https://tabolango.cl/uploads/firmadas/f_TBL-120126-0080_1768318701.jpg', 'https://tabolango.cl/uploads/guia_de_despacho/guia_TBL-120126-0080_1768310889.jpg', NULL, -32.93594373, -71.53008872, NULL, NULL, NULL, '3', NULL, NULL, '2026-02-10 17:56:22', NULL, NULL, 0),
(99, 'TBL-140126-0099', '2026-01-14 12:02:14', 'Sofia Andonaegui', 'Ortíz Gamarra y compañia Limitada', 23, 'Tomate', 1.00, 12070.00, 12100.00, 12070.00, 12100.00, -30.00, 'Entregado', '2026-01-14', '', 'ab5776fc54b71a8a1b89f50393a27667', '2026-02-10 20:56:22', 710.00, '118', NULL, 643.00, 'https://tabolango.cl/uploads/facturas/fact_TBL-140126-0099_1768407052.pdf', 'https://tabolango.cl/uploads/firmadas/f_TBL-140126-0099_1768416022.jpg', NULL, NULL, -33.01125407, -71.54350788, NULL, NULL, NULL, '3', NULL, NULL, '2026-02-10 17:56:22', NULL, NULL, 0),
(100, 'TBL-140126-0100', '2026-01-14 15:07:58', 'Sofia Andonaegui', 'Carreño y Garcia Limitada', 2, 'Tomate', 196.00, 11050.00, 10084.00, 2165800.00, 1976464.00, 189336.00, 'Entregado', '2026-01-15', ' | [!] Entrega forzada fuera de rango.', '08acfadef92244fc32744fe4e9f1b743', '2026-02-10 20:56:22', 650.00, '119', NULL, 593.00, 'https://tabolango.cl/uploads/facturas/fact_TBL-140126-0100_1768746418.pdf', 'https://tabolango.cl/uploads/firmadas/f_TBL-140126-0100_1768502669.jpg', NULL, NULL, -33.42740790, -70.65018820, -32.79177577, -71.16395009, NULL, '3', NULL, NULL, '2026-02-10 17:56:22', NULL, NULL, 0),
(105, 'TBL-150126-0105', '2026-01-15 15:09:08', 'Sofia Andonaegui', 'Víctor Vera e Hijos y Cía Ltda', 25, 'Champiñón', 4.00, 5700.00, 5168.00, 22800.00, 20672.00, 2128.00, 'Entregado', '2026-01-20', '', '286cd92d7c5eca2685d5bf8cad62a374', '2026-02-10 20:56:22', NULL, '139', NULL, NULL, 'https://tabolango.cl/uploads/facturas_xml/fact_TBL-150126-0105_1768935160.xml', 'https://tabolango.cl/uploads/firmadas/f_TBL-150126-0105_1768921472.jpg', 'https://tabolango.cl/uploads/guia_de_despacho/guia_TBL-150126-0105_1768869076.pdf', NULL, -33.01516297, -71.55155832, -32.92667973, -71.48238446, NULL, '7', NULL, NULL, '2026-02-10 17:56:22', NULL, NULL, 0),
(106, 'TBL-150126-0105', '2026-01-15 15:09:08', 'Sofia Andonaegui', 'Víctor Vera e Hijos y Cía Ltda', 25, 'Champiñón', 4.00, 3600.00, 2941.00, 14400.00, 11764.00, 2636.00, 'Entregado', '2026-01-20', '', '286cd92d7c5eca2685d5bf8cad62a374', '2026-02-10 20:56:22', NULL, '139', NULL, NULL, 'https://tabolango.cl/uploads/facturas_xml/fact_TBL-150126-0105_1768935160.xml', 'https://tabolango.cl/uploads/firmadas/f_TBL-150126-0105_1768921472.jpg', 'https://tabolango.cl/uploads/guia_de_despacho/guia_TBL-150126-0105_1768869076.pdf', NULL, -33.01516297, -71.55155832, -32.92667973, -71.48238446, NULL, '9', NULL, NULL, '2026-02-10 17:56:22', NULL, NULL, 0),
(107, 'TBL-150126-0105', '2026-01-15 15:09:08', 'Sofia Andonaegui', 'Víctor Vera e Hijos y Cía Ltda', 25, 'Palta Hass', 10.00, 2700.00, 2268.00, 27000.00, 22680.00, 4320.00, 'Entregado', '2026-01-20', '', '286cd92d7c5eca2685d5bf8cad62a374', '2026-02-10 20:56:22', NULL, '139', NULL, NULL, 'https://tabolango.cl/uploads/facturas_xml/fact_TBL-150126-0105_1768935160.xml', 'https://tabolango.cl/uploads/firmadas/f_TBL-150126-0105_1768921472.jpg', 'https://tabolango.cl/uploads/guia_de_despacho/guia_TBL-150126-0105_1768869076.pdf', NULL, -33.01516297, -71.55155832, -32.92667973, -71.48238446, NULL, '10', NULL, NULL, '2026-02-10 17:56:22', NULL, NULL, 0),
(108, 'TBL-150126-0108', '2026-01-15 19:18:00', 'Sofia Andonaegui', 'Raúl Matamala Peralta', 26, 'Tomate', 2.00, 12410.00, 10084.00, 24820.00, 20168.00, 4652.00, 'Entregado', '2026-01-16', '', 'a1a6a85c09c5f1c1b082518320a8f115', '2026-02-10 20:56:22', NULL, '120', NULL, NULL, 'https://tabolango.cl/uploads/facturas_xml/fact_TBL-150126-0108_1768754071.xml', 'https://tabolango.cl/uploads/firmadas/f_TBL-150126-0108_1768575743.jpg', 'https://tabolango.cl/uploads/guia_de_despacho/guia_TBL-150126-0108_1768566617.pdf', NULL, -33.01771645, -71.54832536, -33.01781319, -71.54840957, NULL, '3', NULL, NULL, '2026-02-10 17:56:22', NULL, NULL, 0),
(109, 'TBL-150126-0109', '2026-01-15 21:05:08', 'Sofia Andonaegui', 'Zuri Martinez Farah', 27, 'Tomate', 1.00, 12410.00, 10084.00, 12410.00, 10084.00, 2326.00, 'Entregado', '2026-01-16', ' | [!] Entrega forzada fuera de rango.', 'd70228e6414a61d83285391bf4263b1d', '2026-02-10 20:56:22', NULL, '122', NULL, NULL, 'https://tabolango.cl/uploads/facturas/fact_TBL-150126-0109_1768746510.pdf', 'https://tabolango.cl/uploads/firmadas/f_TBL-150126-0109_1768745982.jpg', 'https://tabolango.cl/uploads/guia_de_despacho/guia_TBL-150126-0109_1768566798.pdf', NULL, -32.95663580, -71.54680800, -32.92577236, -71.37665760, NULL, '3', NULL, NULL, '2026-02-10 17:56:22', NULL, NULL, 0),
(110, 'TBL-150126-0109', '2026-01-15 21:05:08', 'Sofia Andonaegui', 'Zuri Martinez Farah', 27, 'Champiñón', 1.00, 5700.00, 5168.00, 5700.00, 5168.00, 532.00, 'Entregado', '2026-01-16', ' | [!] Entrega forzada fuera de rango.', 'd70228e6414a61d83285391bf4263b1d', '2026-02-10 20:56:22', NULL, '122', NULL, NULL, 'https://tabolango.cl/uploads/facturas/fact_TBL-150126-0109_1768746510.pdf', 'https://tabolango.cl/uploads/firmadas/f_TBL-150126-0109_1768745982.jpg', 'https://tabolango.cl/uploads/guia_de_despacho/guia_TBL-150126-0109_1768566798.pdf', NULL, -32.95663580, -71.54680800, -32.92577236, -71.37665760, NULL, '7', NULL, NULL, '2026-02-10 17:56:22', NULL, NULL, 0),
(111, 'TBL-150126-0111', '2026-01-15 21:06:35', 'Sofia Andonaegui', 'Ortíz Gamarra y compañia Limitada', 23, 'Tomate', 10.00, 12410.00, 10084.00, 124100.00, 100840.00, 23260.00, 'Entregado', '2026-01-16', '', '3db77ec1852384c3a7fa8213b20d33b0', '2026-02-10 20:56:22', NULL, '124-125-126-127', NULL, NULL, 'https://tabolango.cl/uploads/facturas/fact_TBL-150126-0111_1768767729.pdf', 'https://tabolango.cl/uploads/firmadas/f_TBL-150126-0111_1768574128.jpg', 'https://tabolango.cl/uploads/guia_de_despacho/guia_TBL-150126-0111_1768566952.pdf', NULL, -33.01122013, -71.54346784, -32.96610846, -71.49584814, NULL, '3', NULL, NULL, '2026-02-10 17:56:22', NULL, NULL, 0),
(112, 'TBL-150126-0111', '2026-01-15 21:06:35', 'Sofia Andonaegui', 'Ortíz Gamarra y compañia Limitada', 23, 'Palta Hass', 10.00, 2700.00, 2268.00, 27000.00, 22680.00, 4320.00, 'Entregado', '2026-01-16', '', '3db77ec1852384c3a7fa8213b20d33b0', '2026-02-10 20:56:22', NULL, '124-125-126-127', NULL, NULL, 'https://tabolango.cl/uploads/facturas/fact_TBL-150126-0111_1768767729.pdf', 'https://tabolango.cl/uploads/firmadas/f_TBL-150126-0111_1768574128.jpg', 'https://tabolango.cl/uploads/guia_de_despacho/guia_TBL-150126-0111_1768566952.pdf', NULL, -33.01122013, -71.54346784, -32.96610846, -71.49584814, NULL, '10', NULL, NULL, '2026-02-10 17:56:22', NULL, NULL, 0),
(113, 'TBL-150126-0113', '2026-01-15 22:45:28', 'Sofia Andonaegui', 'Marianela Flores Salinas', 28, 'Tomate', 1.00, 12410.00, 10084.00, 14600.00, 10084.00, 2326.00, 'Entregado', '2026-01-16', 'Cambiar monto en guia', 'c50c14d4f8941e0ce59f6578394e65b2', '2026-02-10 20:56:22', 730.00, '121', NULL, NULL, 'https://tabolango.cl/uploads/facturas_xml/fact_TBL-150126-0113_1768767310.xml', 'https://tabolango.cl/uploads/firmadas/f_TBL-150126-0113_1768575081.jpg', 'https://tabolango.cl/uploads/guia_de_despacho/guia_TBL-150126-0113_1768567065.pdf', NULL, -33.01008274, -71.54239579, -32.92527830, -71.37932670, NULL, '3', NULL, NULL, '2026-02-10 17:56:22', NULL, NULL, 0),
(119, 'TBL-160126-0114', '2026-01-16 14:37:51', 'Juan Andrés Espinosa', 'Carreño y Garcia Limitada', 2, 'Tomate', 196.00, 11050.00, 10084.00, 2165800.00, 1976464.00, 189336.00, 'Entregado', '2026-01-17', ' | [!] Entrega forzada fuera de rango.', '2c8b233e93699a6b354a9f662610cb4b', '2026-02-10 20:56:22', NULL, '123', NULL, NULL, 'https://tabolango.cl/uploads/facturas_xml/fact_TBL-160126-0114_1768759056.xml', 'https://tabolango.cl/uploads/firmadas/f_TBL-160126-0114_1768746016.jpg', NULL, NULL, -33.42740790, -70.65018820, -33.39120777, -70.68884141, NULL, '3', NULL, NULL, '2026-02-10 17:56:22', NULL, NULL, 0),
(122, 'TBL-170126-0122', '2026-01-17 19:35:38', 'Sofia Andonaegui', 'Carreño y Garcia Limitada', 2, 'Tomate', 196.00, 11050.00, 10084.00, 2165800.00, 1976464.00, 189336.00, 'Entregado', '2026-01-20', '', '7aec35d6adccdf59853df630c6d47c66', '2026-02-10 20:56:22', NULL, '129', NULL, NULL, 'https://tabolango.cl/uploads/facturas_xml/fact_TBL-170126-0122_1768934946.xml', NULL, 'https://tabolango.cl/uploads/guia_de_despacho/guia_TBL-170126-0122_1768869197.pdf', NULL, -33.42740790, -70.65018820, -32.92158349, -71.51127609, NULL, '3', NULL, NULL, '2026-02-10 17:56:22', NULL, NULL, 0),
(123, 'TBL-170126-0123', '2026-01-17 19:40:54', 'Sofia Andonaegui', 'Restaurant Txipiron Ltda', 29, 'Tomate', 1.00, 12410.00, 10084.00, 12410.00, 10084.00, 2326.00, 'Entregado', '2026-01-20', 'Palta Firme.', 'ee55d6cc2e294ddbb4dc934f9a2cf31e', '2026-02-10 20:56:22', NULL, '138', NULL, NULL, 'https://tabolango.cl/uploads/facturas_xml/fact_TBL-170126-0123_1768935133.xml', 'https://tabolango.cl/uploads/firmadas/f_TBL-170126-0123_1768920275.jpg', 'https://tabolango.cl/uploads/guia_de_despacho/guia_TBL-170126-0123_1768869336.pdf', NULL, -33.01635740, -71.55761288, -32.92153067, -71.51123325, NULL, '3', NULL, NULL, '2026-02-10 17:56:22', NULL, NULL, 0),
(124, 'TBL-170126-0123', '2026-01-17 19:40:54', 'Sofia Andonaegui', 'Restaurant Txipiron Ltda', 29, 'Palta Hass', 5.00, 2700.00, 2268.00, 13500.00, 11340.00, 2160.00, 'Entregado', '2026-01-20', 'Palta Firme.', 'ee55d6cc2e294ddbb4dc934f9a2cf31e', '2026-02-10 20:56:22', NULL, '138', NULL, NULL, 'https://tabolango.cl/uploads/facturas_xml/fact_TBL-170126-0123_1768935133.xml', 'https://tabolango.cl/uploads/firmadas/f_TBL-170126-0123_1768920275.jpg', 'https://tabolango.cl/uploads/guia_de_despacho/guia_TBL-170126-0123_1768869336.pdf', NULL, -33.01635740, -71.55761288, -32.92153067, -71.51123325, NULL, '10', NULL, NULL, '2026-02-10 17:56:22', NULL, NULL, 0),
(125, 'TBL-170126-0123', '2026-01-17 19:40:54', 'Sofia Andonaegui', 'Restaurant Txipiron Ltda', 29, 'Champiñón', 10.00, 3600.00, 2941.00, 36000.00, 29410.00, 6590.00, 'Entregado', '2026-01-20', 'Palta Firme.', 'ee55d6cc2e294ddbb4dc934f9a2cf31e', '2026-02-10 20:56:22', NULL, '138', NULL, NULL, 'https://tabolango.cl/uploads/facturas_xml/fact_TBL-170126-0123_1768935133.xml', 'https://tabolango.cl/uploads/firmadas/f_TBL-170126-0123_1768920275.jpg', 'https://tabolango.cl/uploads/guia_de_despacho/guia_TBL-170126-0123_1768869336.pdf', NULL, -33.01635740, -71.55761288, -32.92153067, -71.51123325, NULL, '9', NULL, NULL, '2026-02-10 17:56:22', NULL, NULL, 0),
(126, 'TBL-170126-0126', '2026-01-17 19:51:23', 'Sofia Andonaegui', 'Venta de productos veganos Maria Macarena Saavedra Zaror e.i.r.l', 33, 'Champiñón', 3.00, 3600.00, 2941.00, 10800.00, 8823.00, 1977.00, 'Entregado', '2026-01-20', '8 champiñones del porte de un kiwi. Veremos si hay', 'ae8f75e59fb56fe8ff4003a5b3e50757', '2026-02-10 20:56:22', NULL, '136', NULL, NULL, 'https://tabolango.cl/uploads/facturas_xml/fact_TBL-170126-0126_1768935107.xml', 'https://tabolango.cl/uploads/firmadas/f_TBL-170126-0126_1768920912.jpg', 'https://tabolango.cl/uploads/guia_de_despacho/guia_TBL-170126-0126_1768869490.pdf', NULL, -33.01786975, -71.54834805, -32.92668107, -71.48746341, NULL, '9', NULL, NULL, '2026-02-10 17:56:22', NULL, NULL, 0),
(127, 'TBL-170126-0126', '2026-01-17 19:51:23', 'Sofia Andonaegui', 'Venta de productos veganos Maria Macarena Saavedra Zaror e.i.r.l', 33, 'Palta Hass', 2.00, 2700.00, 2268.00, 5400.00, 4536.00, 864.00, 'Entregado', '2026-01-20', '8 champiñones del porte de un kiwi. Veremos si hay', 'ae8f75e59fb56fe8ff4003a5b3e50757', '2026-02-10 20:56:22', NULL, '136', NULL, NULL, 'https://tabolango.cl/uploads/facturas_xml/fact_TBL-170126-0126_1768935107.xml', 'https://tabolango.cl/uploads/firmadas/f_TBL-170126-0126_1768920912.jpg', 'https://tabolango.cl/uploads/guia_de_despacho/guia_TBL-170126-0126_1768869490.pdf', NULL, -33.01786975, -71.54834805, -32.92668107, -71.48746341, NULL, '10', NULL, NULL, '2026-02-10 17:56:22', NULL, NULL, 0),
(128, 'TBL-170126-0126', '2026-01-17 19:51:23', 'Sofia Andonaegui', 'Venta de productos veganos Maria Macarena Saavedra Zaror e.i.r.l', 33, 'Champiñón', 1.00, 5700.00, 5168.00, 5700.00, 5168.00, 532.00, 'Entregado', '2026-01-20', '8 champiñones del porte de un kiwi. Veremos si hay', 'ae8f75e59fb56fe8ff4003a5b3e50757', '2026-02-10 20:56:22', NULL, '136', NULL, NULL, 'https://tabolango.cl/uploads/facturas_xml/fact_TBL-170126-0126_1768935107.xml', 'https://tabolango.cl/uploads/firmadas/f_TBL-170126-0126_1768920912.jpg', 'https://tabolango.cl/uploads/guia_de_despacho/guia_TBL-170126-0126_1768869490.pdf', NULL, -33.01786975, -71.54834805, -32.92668107, -71.48746341, NULL, '7', NULL, NULL, '2026-02-10 17:56:22', NULL, NULL, 0),
(131, 'TBL-190126-0130', '2026-01-19 16:30:26', 'Sofia Andonaegui', 'Pizzería El Templo', 21, 'Tomate', 1.00, 11305.00, 9244.00, 11305.00, 9244.00, 2061.00, 'Entregado', '2026-01-20', '', '8d63fe1c38d68ceeecc1c688ea91f25e', '2026-02-10 20:56:22', NULL, '134', NULL, NULL, 'https://tabolango.cl/uploads/facturas_xml/fact_TBL-190126-0130_1768935077.xml', 'https://tabolango.cl/uploads/firmadas/f_TBL-190126-0130_1768917748.jpg', 'https://tabolango.cl/uploads/guia_de_despacho/guia_TBL-190126-0130_1768869957.pdf', NULL, -32.94131551, -71.52112967, -32.92909179, -71.42659606, NULL, '8', NULL, NULL, '2026-02-10 17:56:22', NULL, NULL, 0),
(132, 'TBL-190126-0130', '2026-01-19 16:30:26', 'Sofia Andonaegui', 'Pizzería El Templo', 21, 'Champiñón', 13.00, 3600.00, 2941.00, 46800.00, 38233.00, 8567.00, 'Entregado', '2026-01-20', '', '8d63fe1c38d68ceeecc1c688ea91f25e', '2026-02-10 20:56:22', NULL, '134', NULL, NULL, 'https://tabolango.cl/uploads/facturas_xml/fact_TBL-190126-0130_1768935077.xml', 'https://tabolango.cl/uploads/firmadas/f_TBL-190126-0130_1768917748.jpg', 'https://tabolango.cl/uploads/guia_de_despacho/guia_TBL-190126-0130_1768869957.pdf', NULL, -32.94131551, -71.52112967, -32.92909179, -71.42659606, NULL, '9', NULL, NULL, '2026-02-10 17:56:22', NULL, NULL, 0),
(133, 'TBL-190126-0130', '2026-01-19 16:30:26', 'Sofia Andonaegui', 'Pizzería El Templo', 21, 'Palta Hass', 5.00, 2700.00, 2268.00, 13500.00, 11340.00, 2160.00, 'Entregado', '2026-01-20', '', '8d63fe1c38d68ceeecc1c688ea91f25e', '2026-02-10 20:56:22', NULL, '134', NULL, NULL, 'https://tabolango.cl/uploads/facturas_xml/fact_TBL-190126-0130_1768935077.xml', 'https://tabolango.cl/uploads/firmadas/f_TBL-190126-0130_1768917748.jpg', 'https://tabolango.cl/uploads/guia_de_despacho/guia_TBL-190126-0130_1768869957.pdf', NULL, -32.94131551, -71.52112967, -32.92909179, -71.42659606, NULL, '10', NULL, NULL, '2026-02-10 17:56:22', NULL, NULL, 0),
(134, 'TBL-200126-0134', '2026-01-20 00:41:40', 'Juan Andrés Espinosa', 'Montemarket', 3, 'Tomate', 10.00, 12070.00, 10084.00, 120700.00, 100840.00, 19860.00, 'Entregado', '2026-01-20', '', '93202e9a24298651f728d106feab17bd', '2026-02-10 20:56:22', NULL, '133', NULL, NULL, 'https://tabolango.cl/uploads/facturas_xml/fact_TBL-200126-0134_1768935037.xml', 'https://tabolango.cl/uploads/firmadas/f_TBL-200126-0134_1768916775.jpg', 'https://tabolango.cl/uploads/guia_de_despacho/guia_TBL-200126-0134_1768869830.pdf', NULL, -32.93611388, -71.52929176, -32.92587713, -71.37666644, NULL, '3', NULL, NULL, '2026-02-10 17:56:22', NULL, NULL, 0),
(135, 'TBL-200126-0135', '2026-01-20 01:03:33', 'Sofia Andonaegui', 'Pecado del Inka', 30, 'Tomate', 2.00, 12410.00, 10084.00, 24820.00, 20168.00, 4652.00, 'Entregado', '2026-01-20', '', '790db0436a8ea634116fc4140cb16d89', '2026-02-10 20:56:22', NULL, '132', NULL, NULL, 'https://tabolango.cl/uploads/facturas_xml/fact_TBL-200126-0135_1768935008.xml', 'https://tabolango.cl/uploads/firmadas/f_TBL-200126-0135_1768922299.jpg', 'https://tabolango.cl/uploads/guia_de_despacho/guia_TBL-200126-0135_1768873689.pdf', NULL, -33.02473661, -71.56003132, -32.92146557, -71.51093792, NULL, '3', NULL, NULL, '2026-02-10 17:56:22', NULL, NULL, 0),
(136, 'TBL-200126-0136', '2026-01-20 01:04:37', 'Sofia Andonaegui', 'Mil Mares', 32, 'Tomate', 2.00, 12410.00, 10084.00, 24820.00, 20168.00, 4652.00, 'Entregado', '2026-01-20', '', 'e5736078abc0592c89fde33910b68bdc', '2026-02-10 20:56:22', NULL, '131', NULL, NULL, 'https://tabolango.cl/uploads/facturas_xml/fact_TBL-200126-0136_1768934980.xml', 'https://tabolango.cl/uploads/firmadas/f_TBL-200126-0136_1768919051.jpg', 'https://tabolango.cl/uploads/guia_de_despacho/guia_TBL-200126-0136_1768873592.pdf', NULL, -32.97047600, -71.54426199, -32.92190787, -71.50495163, NULL, '3', NULL, NULL, '2026-02-10 17:56:22', NULL, NULL, 0),
(137, 'TBL-200126-0137', '2026-01-20 01:07:06', 'Sofia Andonaegui', 'Kostabrava', 23, 'Tomate', 1.00, 12410.00, 10084.00, 12410.00, 10084.00, 2326.00, 'Entregado', '2026-01-20', '', '3a50c202931178914b822b33f55b94cd', '2026-02-10 20:56:22', NULL, '128', NULL, NULL, 'https://tabolango.cl/uploads/facturas_xml/fact_TBL-200126-0137_1768934891.xml', 'https://tabolango.cl/uploads/firmadas/f_TBL-200126-0137_1768923836.jpg', 'https://tabolango.cl/uploads/guia_de_despacho/guia_TBL-200126-0137_1768873467.pdf', NULL, -33.01201150, -71.54389322, -32.92329425, -71.50269833, NULL, '3', NULL, NULL, '2026-02-10 17:56:22', NULL, NULL, 0),
(138, 'TBL-200126-0137', '2026-01-20 01:07:06', 'Sofia Andonaegui', 'Kostabrava', 23, 'Tomate', 1.00, 12410.00, 10084.00, 12410.00, 10084.00, 2326.00, 'Entregado', '2026-01-20', '', '3a50c202931178914b822b33f55b94cd', '2026-02-10 20:56:22', NULL, '128', NULL, NULL, 'https://tabolango.cl/uploads/facturas_xml/fact_TBL-200126-0137_1768934891.xml', 'https://tabolango.cl/uploads/firmadas/f_TBL-200126-0137_1768923836.jpg', 'https://tabolango.cl/uploads/guia_de_despacho/guia_TBL-200126-0137_1768873467.pdf', NULL, -33.01201150, -71.54389322, -32.92329425, -71.50269833, NULL, '3', NULL, NULL, '2026-02-10 17:56:22', NULL, NULL, 0),
(139, 'TBL-200126-0139', '2026-01-20 12:56:02', 'Sofia Andonaegui', 'Coricancha', 31, 'Tomate', 2.00, 12410.00, 10084.00, 24820.00, 20168.00, 4652.00, 'Entregado', '2026-01-20', '', 'f041c8c5d4df46ad5191312118a86ef2', '2026-02-10 20:56:22', NULL, '141', NULL, NULL, 'https://tabolango.cl/uploads/facturas_xml/fact_TBL-200126-0139_1768935186.xml', 'https://tabolango.cl/uploads/firmadas/f_TBL-200126-0139_1768923252.jpg', 'https://tabolango.cl/uploads/guia_de_despacho/guia_TBL-200126-0139_1768914268.pdf', NULL, -33.01093329, -71.54779265, -32.92659557, -71.48775805, NULL, '3', NULL, NULL, '2026-02-10 17:56:22', NULL, NULL, 0),
(143, 'TBL-210126-0140', '2026-01-21 01:19:20', 'Sofia Andonaegui', 'Restaurant Kai Tiki', 37, 'Tomate', 1.00, 13940.00, 10084.00, 13940.00, 10084.00, 3856.00, 'Entregado', '2026-01-21', '', 'd0ab95004ec574ffb693019c8c41a99b', '2026-02-10 20:56:22', NULL, '142', NULL, NULL, 'https://tabolango.cl/uploads/facturas_xml/fact_TBL-210126-0140_1769033480.xml', 'https://tabolango.cl/uploads/firmadas/f_TBL-210126-0140_1769007518.jpg', 'https://tabolango.cl/uploads/guia_de_despacho/guia_TBL-210126-0140_1768998928.pdf', NULL, -32.64952729, -71.44130513, -32.66274973, -71.44179920, NULL, '3', NULL, NULL, '2026-02-10 17:56:22', NULL, NULL, 0),
(144, 'TBL-210126-0140', '2026-01-21 01:19:20', 'Sofia Andonaegui', 'Restaurant Kai Tiki', 37, 'Champiñón', 3.00, 4050.00, 2941.00, 12150.00, 8823.00, 3327.00, 'Entregado', '2026-01-21', '', 'd0ab95004ec574ffb693019c8c41a99b', '2026-02-10 20:56:22', NULL, '142', NULL, NULL, 'https://tabolango.cl/uploads/facturas_xml/fact_TBL-210126-0140_1769033480.xml', 'https://tabolango.cl/uploads/firmadas/f_TBL-210126-0140_1769007518.jpg', 'https://tabolango.cl/uploads/guia_de_despacho/guia_TBL-210126-0140_1768998928.pdf', NULL, -32.64952729, -71.44130513, -32.66274973, -71.44179920, NULL, '9', NULL, NULL, '2026-02-10 17:56:22', NULL, NULL, 0),
(145, 'TBL-210126-0145', '2026-01-21 12:17:53', 'Sofia Andonaegui', 'Wok AND roll', 38, 'Tomate', 1.00, 11305.00, 9244.00, 11305.00, 9244.00, 2061.00, 'Entregado', '2026-01-23', ' | [!] Entrega forzada fuera de rango.', 'e09ca9bd8f93db9ce0452acb4edb049e', '2026-02-10 20:56:22', NULL, '149', NULL, NULL, 'https://tabolango.cl/uploads/facturas_xml/fact_TBL-210126-0145_1769270338.xml', 'https://tabolango.cl/uploads/firmadas/f_TBL-210126-0145_1769184752.jpg', 'https://tabolango.cl/uploads/guia_de_despacho/guia_TBL-210126-0145_1769176471.pdf', NULL, -33.01817870, -71.55365350, -32.91623670, -71.50149000, NULL, '8', NULL, NULL, '2026-02-10 17:56:22', NULL, NULL, 0),
(146, 'TBL-210126-0145', '2026-01-21 12:17:53', 'Sofia Andonaegui', 'Wok AND roll', 38, 'Champiñón', 3.00, 3600.00, 2941.00, 10800.00, 8823.00, 1977.00, 'Entregado', '2026-01-23', ' | [!] Entrega forzada fuera de rango.', 'e09ca9bd8f93db9ce0452acb4edb049e', '2026-02-10 20:56:22', NULL, '149', NULL, NULL, 'https://tabolango.cl/uploads/facturas_xml/fact_TBL-210126-0145_1769270338.xml', 'https://tabolango.cl/uploads/firmadas/f_TBL-210126-0145_1769184752.jpg', 'https://tabolango.cl/uploads/guia_de_despacho/guia_TBL-210126-0145_1769176471.pdf', NULL, -33.01817870, -71.55365350, -32.91623670, -71.50149000, NULL, '9', NULL, NULL, '2026-02-10 17:56:22', NULL, NULL, 0),
(147, 'TBL-210126-0145', '2026-01-21 12:17:53', 'Sofia Andonaegui', 'Wok AND roll', 38, 'Palta Hass', 10.00, 2800.00, 2521.00, 28000.00, 25210.00, 2790.00, 'Entregado', '2026-01-23', ' | [!] Entrega forzada fuera de rango.', 'e09ca9bd8f93db9ce0452acb4edb049e', '2026-02-10 20:56:22', NULL, '149', NULL, NULL, 'https://tabolango.cl/uploads/facturas_xml/fact_TBL-210126-0145_1769270338.xml', 'https://tabolango.cl/uploads/firmadas/f_TBL-210126-0145_1769184752.jpg', 'https://tabolango.cl/uploads/guia_de_despacho/guia_TBL-210126-0145_1769176471.pdf', NULL, -33.01817870, -71.55365350, -32.91623670, -71.50149000, NULL, '10', NULL, NULL, '2026-02-10 17:56:22', NULL, NULL, 0),
(148, 'TBL-210126-0148', '2026-01-21 22:12:53', 'Juan Andrés Espinosa', 'Dominó', 2, 'Tomate', 196.00, 11050.00, 10084.00, 2165800.00, 1976464.00, 189336.00, 'Entregado', '2026-01-22', '', 'a4be99e643bd2dad63645d079762776b', '2026-02-10 20:56:22', NULL, '143', NULL, NULL, 'https://tabolango.cl/uploads/facturas_xml/fact_TBL-210126-0148_1769100480.xml', 'https://tabolango.cl/uploads/firmadas/f_TBL-210126-0148_1769088515.jpg', 'https://tabolango.cl/uploads/guia_de_despacho/guia_TBL-210126-0148_1769033731.pdf', NULL, -33.42725862, -70.64987900, -32.92515696, -71.37803964, NULL, '3', NULL, NULL, '2026-02-10 17:56:22', NULL, NULL, 0),
(149, 'TBL-210126-0149', '2026-01-21 23:43:55', 'Sofia Andonaegui', 'Pits Burger', 39, 'Tomate', 1.00, 11305.00, 9244.00, 11305.00, 9244.00, 2061.00, 'Entregado', '2026-01-27', '', '2ea61a40fa7ae3ccaed62cd923c2bb21', '2026-02-10 20:56:22', NULL, '158', NULL, NULL, 'https://tabolango.cl/uploads/facturas_xml/fact_TBL-210126-0149_1769541871.xml', 'https://tabolango.cl/uploads/evidencia_entrega/ev_TBL-210126-0149_1769530506.jpg', 'https://tabolango.cl/uploads/guia_de_despacho/guia_TBL-210126-0149_1769468089.pdf', NULL, -32.91990133, -71.52017224, -32.92534356, -71.37810866, NULL, '8', NULL, NULL, '2026-02-10 17:56:22', NULL, NULL, 0),
(150, 'TBL-210126-0149', '2026-01-21 23:43:55', 'Sofia Andonaegui', 'Pits Burger', 39, 'Palta Hass', 6.00, 2800.00, 2521.00, 16800.00, 15126.00, 1674.00, 'Entregado', '2026-01-27', '', '2ea61a40fa7ae3ccaed62cd923c2bb21', '2026-02-10 20:56:22', NULL, '158', NULL, NULL, 'https://tabolango.cl/uploads/facturas_xml/fact_TBL-210126-0149_1769541871.xml', 'https://tabolango.cl/uploads/evidencia_entrega/ev_TBL-210126-0149_1769530506.jpg', 'https://tabolango.cl/uploads/guia_de_despacho/guia_TBL-210126-0149_1769468089.pdf', NULL, -32.91990133, -71.52017224, -32.92534356, -71.37810866, NULL, '10', NULL, NULL, '2026-02-10 17:56:22', NULL, NULL, 0),
(151, 'TBL-210126-0149', '2026-01-21 23:43:55', 'Sofia Andonaegui', 'Pits Burger', 39, 'Champiñón', 2.00, 3600.00, 2941.00, 7200.00, 5882.00, 1318.00, 'Entregado', '2026-01-27', '', '2ea61a40fa7ae3ccaed62cd923c2bb21', '2026-02-10 20:56:22', NULL, '158', NULL, NULL, 'https://tabolango.cl/uploads/facturas_xml/fact_TBL-210126-0149_1769541871.xml', 'https://tabolango.cl/uploads/evidencia_entrega/ev_TBL-210126-0149_1769530506.jpg', 'https://tabolango.cl/uploads/guia_de_despacho/guia_TBL-210126-0149_1769468089.pdf', NULL, -32.91990133, -71.52017224, -32.92534356, -71.37810866, NULL, '9', NULL, NULL, '2026-02-10 17:56:22', NULL, NULL, 0),
(160, 'TBL-220126-0160', '2026-01-22 16:25:42', 'Sofia Andonaegui', 'Kosta Brava', 32, 'Tomate', 2.00, 12410.00, 10084.00, 24820.00, 20168.00, 4652.00, 'Entregado', '2026-01-23', '', 'd719c6db75bf3533c814c1cdbd7d8301', '2026-02-10 20:56:22', NULL, '144', NULL, NULL, 'https://tabolango.cl/uploads/facturas_xml/fact_TBL-220126-0160_1769270287.xml', 'https://tabolango.cl/uploads/firmadas/f_TBL-220126-0160_1769181159.jpg', 'https://tabolango.cl/uploads/guia_de_despacho/guia_TBL-220126-0160_1769176025.pdf', NULL, -32.97029301, -71.54425405, -32.91583280, -71.50041620, NULL, '3', NULL, NULL, '2026-02-10 17:56:22', NULL, NULL, 0),
(163, 'TBL-220126-0163', '2026-01-22 23:58:05', 'Juan Andrés Espinosa', 'Pecado del Inka - Ecuador', 30, 'Tomate', 3.00, 12410.00, 10084.00, 37230.00, 30252.00, 6978.00, 'Entregado', '2026-01-23', '', '7fcc379867c9d9b08806ae20e3fe3c24', '2026-02-10 20:56:22', NULL, '151', NULL, NULL, 'https://tabolango.cl/uploads/facturas_xml/fact_TBL-220126-0163_1769270353.xml', 'https://tabolango.cl/uploads/firmadas/f_TBL-220126-0163_1769185540.jpg', 'https://tabolango.cl/uploads/guia_de_despacho/guia_TBL-220126-0163_1769176124.pdf', NULL, -33.02489304, -71.56006658, -32.91690670, -71.50196170, NULL, '3', NULL, NULL, '2026-02-10 17:56:22', NULL, NULL, 0),
(164, 'TBL-230126-0164', '2026-01-23 00:00:24', 'Juan Andrés Espinosa', 'Central Inka', 31, 'Tomate', 3.00, 12410.00, 10084.00, 37230.00, 30252.00, 6978.00, 'Entregado', '2026-01-23', '', '092c498bdb645b27bd9ee026f9da22a9', '2026-02-10 20:56:22', NULL, '147', NULL, NULL, 'https://tabolango.cl/uploads/facturas_xml/fact_TBL-230126-0164_1769270232.xml', 'https://tabolango.cl/uploads/firmadas/f_TBL-230126-0164_1769182498.jpg', 'https://tabolango.cl/uploads/guia_de_despacho/guia_TBL-230126-0164_1769176235.pdf', NULL, -33.01085374, -71.54774460, -32.91853000, -71.50373000, NULL, '3', NULL, NULL, '2026-02-10 17:56:22', NULL, NULL, 0),
(165, 'TBL-230126-0165', '2026-01-23 00:01:50', 'Juan Andrés Espinosa', 'Pecado del Inka - 12 Norte', 23, 'Tomate', 4.00, 12410.00, 10084.00, 49640.00, 40336.00, 9304.00, 'Entregado', '2026-01-23', '', '8ea214e4eb43d281a4b8592b37099a99', '2026-02-10 20:56:22', NULL, '148', NULL, NULL, 'https://tabolango.cl/uploads/facturas_xml/fact_TBL-230126-0165_1769270314.xml', 'https://tabolango.cl/uploads/firmadas/f_TBL-230126-0165_1769183034.jpg', 'https://tabolango.cl/uploads/guia_de_despacho/guia_TBL-230126-0165_1769176341.pdf', NULL, -33.01120418, -71.54360639, -32.91898500, -71.50470830, NULL, '3', NULL, NULL, '2026-02-10 17:56:22', NULL, NULL, 0),
(166, 'TBL-230126-0165', '2026-01-23 00:01:50', 'Juan Andrés Espinosa', 'Pecado del Inka - 12 Norte', 23, 'Palta Hass', 5.00, 2500.00, 2353.00, 12500.00, 11765.00, 735.00, 'Entregado', '2026-01-23', '', '8ea214e4eb43d281a4b8592b37099a99', '2026-02-10 20:56:22', NULL, '148', NULL, NULL, 'https://tabolango.cl/uploads/facturas_xml/fact_TBL-230126-0165_1769270314.xml', 'https://tabolango.cl/uploads/firmadas/f_TBL-230126-0165_1769183034.jpg', 'https://tabolango.cl/uploads/guia_de_despacho/guia_TBL-230126-0165_1769176341.pdf', NULL, -33.01120418, -71.54360639, -32.91898500, -71.50470830, NULL, '5', NULL, NULL, '2026-02-10 17:56:22', NULL, NULL, 0),
(167, 'TBL-240126-0167', '2026-01-24 22:15:57', 'Sofia Andonaegui', 'La Chacra Verdulería', 26, 'Tomate', 1.00, 12410.00, 10084.00, 12410.00, 10084.00, 2326.00, 'Entregado', '2026-01-27', '', 'b97fb8abc004406025418820d1b426a0', '2026-02-10 20:56:22', NULL, '159', NULL, NULL, 'https://tabolango.cl/uploads/facturas_xml/fact_TBL-240126-0167_1769541794.xml', 'https://tabolango.cl/uploads/evidencia_entrega/ev_TBL-240126-0167_1769534819.jpg', 'https://tabolango.cl/uploads/guia_de_despacho/guia_TBL-240126-0167_1769469180.pdf', NULL, -33.01792986, -71.54833604, -32.92533936, -71.37811162, NULL, '3', NULL, NULL, '2026-02-10 17:56:22', NULL, NULL, 0),
(168, 'TBL-250126-0168', '2026-01-25 20:48:23', 'Sofia Andonaegui', 'Fogón Carmencha', 41, 'Tomate', 1.00, 12410.00, 10084.00, 12410.00, 10084.00, 2326.00, 'Entregado', '2026-01-27', '', '5e914c36c5cbb9a2fd45245c616556db', '2026-02-10 20:56:22', NULL, '165', NULL, NULL, 'https://tabolango.cl/uploads/facturas_xml/fact_TBL-250126-0168_1769541096.xml', 'https://tabolango.cl/uploads/evidencia_entrega/ev_TBL-250126-0168_1769529634.jpg', 'https://tabolango.cl/uploads/guia_de_despacho/guia_TBL-250126-0168_1769469083.pdf', NULL, -32.93602805, -71.52401311, -32.92523828, -71.37820166, NULL, '3', NULL, NULL, '2026-02-10 17:56:22', NULL, NULL, 0),
(169, 'TBL-250126-0168', '2026-01-25 20:48:23', 'Sofia Andonaegui', 'Fogón Carmencha', 41, 'Palta Hass', 3.00, 2800.00, 2400.00, 8400.00, 7200.00, 1200.00, 'Entregado', '2026-01-27', '', '5e914c36c5cbb9a2fd45245c616556db', '2026-02-10 20:56:22', NULL, '165', NULL, NULL, 'https://tabolango.cl/uploads/facturas_xml/fact_TBL-250126-0168_1769541096.xml', 'https://tabolango.cl/uploads/evidencia_entrega/ev_TBL-250126-0168_1769529634.jpg', 'https://tabolango.cl/uploads/guia_de_despacho/guia_TBL-250126-0168_1769469083.pdf', NULL, -32.93602805, -71.52401311, -32.92523828, -71.37820166, NULL, '10', NULL, NULL, '2026-02-10 17:56:22', NULL, NULL, 0),
(170, 'TBL-260126-0170', '2026-01-26 12:20:18', 'Juan Andrés Espinosa', 'Dominó', 2, 'Tomate', 196.00, 11050.00, 10084.00, 2165800.00, 1976464.00, 128303.00, 'Entregado', '2026-01-27', '', '056d5a4ecfa3adffb6d4389374dc7f28', '2026-02-10 20:56:22', NULL, '154', NULL, NULL, 'https://tabolango.cl/uploads/facturas_xml/fact_TBL-260126-0170_1769542013.xml', NULL, 'https://tabolango.cl/uploads/guia_de_despacho/guia_TBL-260126-0170_1769468986.pdf', NULL, NULL, NULL, -33.43445364, -70.61253999, NULL, '3', NULL, NULL, '2026-02-10 17:56:22', NULL, NULL, 0),
(172, 'TBL-260126-0171', '2026-01-26 14:28:23', 'Sofia Andonaegui', 'Víctor Vera e Hijos y Cía Ltda', 25, 'Champiñón', 8.00, 3600.00, 2941.00, 28800.00, 23528.00, 5272.00, 'Entregado', '2026-01-27', '', '85f9d5fb25bedd8c2751550e9c9a797c', '2026-02-10 20:56:22', NULL, '164', NULL, NULL, 'https://tabolango.cl/uploads/facturas_xml/fact_TBL-260126-0171_1769541291.xml', 'https://tabolango.cl/uploads/evidencia_entrega/ev_TBL-260126-0171_1769534048.jpg', 'https://tabolango.cl/uploads/guia_de_despacho/guia_TBL-260126-0171_1769468894.pdf', NULL, -33.01505354, -71.55140147, -32.92530889, -71.37813317, NULL, '9', NULL, NULL, '2026-02-10 17:56:22', NULL, NULL, 0),
(173, 'TBL-260126-0171', '2026-01-26 14:28:23', 'Sofia Andonaegui', 'Víctor Vera e Hijos y Cía Ltda', 25, 'Palta Hass', 10.00, 2800.00, 2400.00, 28000.00, 24000.00, 4000.00, 'Entregado', '2026-01-27', '', '85f9d5fb25bedd8c2751550e9c9a797c', '2026-02-10 20:56:22', NULL, '164', NULL, NULL, 'https://tabolango.cl/uploads/facturas_xml/fact_TBL-260126-0171_1769541291.xml', 'https://tabolango.cl/uploads/evidencia_entrega/ev_TBL-260126-0171_1769534048.jpg', 'https://tabolango.cl/uploads/guia_de_despacho/guia_TBL-260126-0171_1769468894.pdf', NULL, -33.01505354, -71.55140147, -32.92530889, -71.37813317, NULL, '10', NULL, NULL, '2026-02-10 17:56:22', NULL, NULL, 0),
(174, 'TBL-260126-0174', '2026-01-26 16:11:55', 'Sofia Andonaegui', 'Swiss Café', 42, 'Palta Hass', 10.00, 2800.00, 2400.00, 28000.00, 24000.00, 4000.00, 'Entregado', '2026-02-03', ' | Recibido por: Pamela Ayala (19.328.938-K)', 'f74f91a56c6a4a6411e92daba4023d71', '2026-02-10 20:56:22', NULL, '187', NULL, NULL, 'https://tabolango.cl/uploads/facturas_xml/fact_TBL-260126-0174_1770146834.xml', 'https://tabolango.cl/uploads/guia_firmada/recepcion_TBL-260126-0174_1770131355.pdf', 'https://tabolango.cl/uploads/guia_de_despacho/guia_TBL-260126-0174_1770118028.pdf', 'https://tabolango.cl/uploads/evidencia_entrega/ev_TBL-260126-0174_1770131354.jpg', -32.97135000, -71.53758000, -32.92517654, -71.37810170, NULL, '10', NULL, NULL, '2026-02-10 17:56:22', NULL, NULL, 0),
(175, 'TBL-260126-0175', '2026-01-26 17:34:53', 'Sofia Andonaegui', 'Pizzería El Templo', 21, 'Tomate', 1.00, 11305.00, 9244.00, 11305.00, 9244.00, 2061.00, 'Entregado', '2026-01-27', '', 'c418ec60c8cc19c2d8fcb9f9b512c90b', '2026-02-10 20:56:22', NULL, '162', NULL, NULL, 'https://tabolango.cl/uploads/facturas_xml/fact_TBL-260126-0175_1769541672.xml', 'https://tabolango.cl/uploads/evidencia_entrega/ev_TBL-260126-0175_1769529106.jpg', 'https://tabolango.cl/uploads/guia_de_despacho/guia_TBL-260126-0175_1769468782.pdf', NULL, -32.94138146, -71.52098219, NULL, NULL, NULL, '8', NULL, NULL, '2026-02-10 17:56:22', NULL, NULL, 0),
(176, 'TBL-260126-0175', '2026-01-26 17:34:53', 'Sofia Andonaegui', 'Pizzería El Templo', 21, 'Champiñón', 10.00, 3600.00, 2941.00, 36000.00, 29410.00, 6590.00, 'Entregado', '2026-01-27', '', 'c418ec60c8cc19c2d8fcb9f9b512c90b', '2026-02-10 20:56:22', NULL, '162', NULL, NULL, 'https://tabolango.cl/uploads/facturas_xml/fact_TBL-260126-0175_1769541672.xml', 'https://tabolango.cl/uploads/evidencia_entrega/ev_TBL-260126-0175_1769529106.jpg', 'https://tabolango.cl/uploads/guia_de_despacho/guia_TBL-260126-0175_1769468782.pdf', NULL, -32.94138146, -71.52098219, NULL, NULL, NULL, '9', NULL, NULL, '2026-02-10 17:56:22', NULL, NULL, 0),
(177, 'TBL-260126-0177', '2026-01-26 17:57:05', 'Sofia Andonaegui', 'Pecado del Inka - 12 Norte', 23, 'Tomate', 2.00, 12410.00, 10084.00, 24820.00, 20168.00, 4652.00, 'Entregado', '2026-01-27', '', 'e055b066b6d9dac5e53df1a2c39a7378', '2026-02-10 20:56:22', NULL, '157', NULL, NULL, 'https://tabolango.cl/uploads/facturas_xml/fact_TBL-260126-0177_1769541918.xml', 'https://tabolango.cl/uploads/evidencia_entrega/ev_TBL-260126-0177_1769536857.jpg', 'https://tabolango.cl/uploads/guia_de_despacho/guia_TBL-260126-0177_1769468680.pdf', '', -33.01133341, -71.54346118, -33.01135503, -71.54348255, NULL, '3', NULL, NULL, '2026-02-10 17:56:22', NULL, NULL, 0),
(178, 'TBL-260126-0178', '2026-01-26 17:57:35', 'Sofia Andonaegui', 'Pecado del Inka - Ecuador', 30, 'Tomate', 2.00, 12410.00, 10084.00, 24820.00, 20168.00, 4652.00, 'Entregado', '2026-01-27', '', 'f8342e50ed2fe41b697efa444f2e5549', '2026-02-10 20:56:22', NULL, '156', NULL, NULL, 'https://tabolango.cl/uploads/facturas_xml/fact_TBL-260126-0178_1769541952.xml', 'https://tabolango.cl/uploads/evidencia_entrega/ev_TBL-260126-0178_1769536075.jpg', 'https://tabolango.cl/uploads/guia_de_despacho/guia_TBL-260126-0178_1769468590.pdf', NULL, -33.02478287, -71.56004067, -32.97200869, -71.54260382, NULL, '3', NULL, NULL, '2026-02-10 17:56:22', NULL, NULL, 0),
(179, 'TBL-260126-0179', '2026-01-26 17:58:07', 'Sofia Andonaegui', 'Central Inka', 31, 'Tomate', 2.00, 12410.00, 10084.00, 24820.00, 20168.00, 4652.00, 'Entregado', '2026-01-27', '', 'b527494fd882233e25e0ec8d427668dd', '2026-02-10 20:56:22', NULL, '155', NULL, NULL, 'https://tabolango.cl/uploads/facturas_xml/fact_TBL-260126-0179_1769541983.xml', 'https://tabolango.cl/uploads/evidencia_entrega/ev_TBL-260126-0179_1769537612.jpg', 'https://tabolango.cl/uploads/guia_de_despacho/guia_TBL-260126-0179_1769468496.pdf', '', -33.01101356, -71.54759759, -33.00962670, -71.54589483, NULL, '3', NULL, NULL, '2026-02-10 17:56:22', NULL, NULL, 0),
(180, 'TBL-260126-0180', '2026-01-26 17:58:42', 'Sofia Andonaegui', 'Kosta Brava', 32, 'Tomate', 2.00, 12410.00, 10084.00, 24820.00, 20168.00, 4652.00, 'Entregado', '2026-01-27', '', '218708edaf3c9045e2b37f914a78b262', '2026-02-10 20:56:22', NULL, '153', NULL, NULL, 'https://tabolango.cl/uploads/facturas_xml/fact_TBL-260126-0180_1769542078.xml', 'https://tabolango.cl/uploads/evidencia_entrega/ev_TBL-260126-0180_1769538630.jpg', 'https://tabolango.cl/uploads/guia_de_despacho/guia_TBL-260126-0180_1769468410.pdf', '', -32.97099441, -71.54445295, -32.97069937, -71.54431443, NULL, '3', NULL, NULL, '2026-02-10 17:56:22', NULL, NULL, 0),
(181, 'TBL-260126-0181', '2026-01-26 18:13:00', 'Sofia Andonaegui', 'Cholos Criollos', 43, 'Champiñón', 10.00, 3600.00, 2941.00, 36000.00, 29410.00, 6590.00, 'Entregado', '2026-01-27', '', '4949c154a8be6e28c4543bc011abf3a0', '2026-02-10 20:56:22', NULL, '161', NULL, NULL, 'https://tabolango.cl/uploads/facturas_xml/fact_TBL-260126-0181_1769541702.xml', 'https://tabolango.cl/uploads/evidencia_entrega/ev_TBL-260126-0181_1769532331.jpg', 'https://tabolango.cl/uploads/guia_de_despacho/guia_TBL-260126-0181_1769468304.pdf', NULL, -32.97008873, -71.54390033, NULL, NULL, NULL, '9', NULL, NULL, '2026-02-10 17:56:22', NULL, NULL, 0),
(182, 'TBL-260126-0182', '2026-01-26 18:37:55', 'Sofia Andonaegui', 'Restaurant OH Margot', 27, 'Tomate', 1.00, 12410.00, 10084.00, 12410.00, 10084.00, 2326.00, 'Entregado', '2026-01-27', '', 'a4032409e64b89cb02ba96f31aef8f7e', '2026-02-10 20:56:22', NULL, '160', NULL, NULL, 'https://tabolango.cl/uploads/facturas_xml/fact_TBL-260126-0182_1769541733.xml', 'https://tabolango.cl/uploads/evidencia_entrega/ev_TBL-260126-0182_1769531731.jpg', 'https://tabolango.cl/uploads/guia_de_despacho/guia_TBL-260126-0182_1769468226.pdf', NULL, -32.95620316, -71.54593742, NULL, NULL, NULL, '3', NULL, NULL, '2026-02-10 17:56:22', NULL, NULL, 0),
(183, 'TBL-260126-0182', '2026-01-26 18:37:55', 'Sofia Andonaegui', 'Restaurant OH Margot', 27, 'Champiñón', 1.00, 5800.00, 5336.00, 5800.00, 5336.00, 464.00, 'Entregado', '2026-01-27', '', 'a4032409e64b89cb02ba96f31aef8f7e', '2026-02-10 20:56:22', NULL, '160', NULL, NULL, 'https://tabolango.cl/uploads/facturas_xml/fact_TBL-260126-0182_1769541733.xml', 'https://tabolango.cl/uploads/evidencia_entrega/ev_TBL-260126-0182_1769531731.jpg', 'https://tabolango.cl/uploads/guia_de_despacho/guia_TBL-260126-0182_1769468226.pdf', NULL, -32.95620316, -71.54593742, NULL, NULL, NULL, '7', NULL, NULL, '2026-02-10 17:56:22', NULL, NULL, 0),
(184, 'TBL-240126-0167', '2026-01-24 22:15:57', 'Sofia Andonaegui', 'La Chacra Verdulería', 26, 'Palta Hass', 20.00, 2800.00, 2400.00, 56000.00, 48000.00, 8000.00, 'Entregado', '2026-01-27', '', 'b97fb8abc004406025418820d1b426a0', '2026-02-10 20:56:22', 2800.00, '159', NULL, 2400.00, 'https://tabolango.cl/uploads/facturas_xml/fact_TBL-240126-0167_1769541794.xml', 'https://tabolango.cl/uploads/evidencia_entrega/ev_TBL-240126-0167_1769534819.jpg', 'https://tabolango.cl/uploads/guia_de_despacho/guia_TBL-240126-0167_1769469180.pdf', NULL, -33.01792986, -71.54833604, -32.92533936, -71.37811162, NULL, '10', NULL, NULL, '2026-02-10 17:56:22', NULL, NULL, 0),
(185, 'TBL-270126-0185', '2026-01-27 03:41:15', 'Sofia Andonaegui', 'Cevichotes Restaurant ', 44, 'Palta Hass', 4.00, 2800.00, 2400.00, 11200.00, 9600.00, 1600.00, 'Entregado', '2026-01-27', '', '5ff690695ce7b29d20b53e6b08e18c08', '2026-02-10 20:56:22', NULL, '152', NULL, NULL, 'https://tabolango.cl/uploads/facturas_xml/fact_TBL-270126-0185_1769542124.xml', 'https://tabolango.cl/uploads/evidencia_entrega/ev_TBL-270126-0185_1769532858.jpg', NULL, NULL, -32.97136677, -71.54269540, -32.92532679, -71.37813997, NULL, '10', NULL, NULL, '2026-02-10 17:56:22', NULL, NULL, 0),
(190, 'TBL-270126-0190', '2026-01-27 14:15:32', 'Sofia Andonaegui', 'Dominó', 2, 'Tomate', 196.00, 11050.00, 10084.00, 2165800.00, 1976464.00, 128303.00, 'Entregado', '2026-01-29', ' | Recibido por: Luis seoulveda (11.210.241-8)', 'f8e4b3ea1afb41c2ecb2a2f91f58d740', '2026-02-10 20:56:22', NULL, '169', NULL, NULL, 'https://tabolango.cl/uploads/facturas_xml/fact_TBL-270126-0190_1769778098.xml', 'https://tabolango.cl/uploads/guia_firmada/recepcion_TBL-270126-0190_1769694826.pdf', 'https://tabolango.cl/uploads/guia_de_despacho/guia_TBL-270126-0190_1769639128.pdf', 'https://tabolango.cl/uploads/evidencia_entrega/ev_TBL-270126-0190_1769694826.jpg', -33.42723750, -70.64987190, -33.43449953, -70.61246617, NULL, '3', NULL, NULL, '2026-02-10 17:56:22', NULL, NULL, 0),
(191, 'TBL-270126-0191', '2026-01-27 21:52:05', 'Sofia Andonaegui', 'Restaurant Kai Tiki', 37, 'Lechuga', 1.00, 6600.00, 0.00, 6600.00, 0.00, 6600.00, 'Entregado', '2026-01-28', ' | Recibido por: Jonathan silva (17.232.046-5) | Nota: No se entregó caja de lechuga Roble', 'c76cb526b58121340c20e4f943aa939f', '2026-02-10 20:56:22', NULL, '167', NULL, NULL, 'https://tabolango.cl/uploads/facturas_xml/fact_TBL-270126-0191_1769625425.xml', 'https://tabolango.cl/uploads/guia_firmada/recepcion_TBL-270126-0191_1769616001.pdf', 'https://tabolango.cl/uploads/guia_de_despacho/guia_TBL-270126-0191_1769602800.pdf', 'https://tabolango.cl/uploads/evidencia_entrega/ev_TBL-270126-0191_1769616001.jpg', -32.64939500, -71.44136670, -32.87737430, -71.23060710, NULL, '11', NULL, NULL, '2026-02-10 17:56:22', NULL, NULL, 0),
(192, 'TBL-270126-0191', '2026-01-27 21:52:05', 'Sofia Andonaegui', 'Restaurant Kai Tiki', 37, 'Lechuga', 1.00, 6600.00, 0.00, 6600.00, 0.00, 6600.00, 'Entregado', '2026-01-28', ' | Recibido por: Jonathan silva (17.232.046-5) | Nota: No se entregó caja de lechuga Roble', 'c76cb526b58121340c20e4f943aa939f', '2026-02-10 20:56:22', NULL, '167', NULL, NULL, 'https://tabolango.cl/uploads/facturas_xml/fact_TBL-270126-0191_1769625425.xml', 'https://tabolango.cl/uploads/guia_firmada/recepcion_TBL-270126-0191_1769616001.pdf', 'https://tabolango.cl/uploads/guia_de_despacho/guia_TBL-270126-0191_1769602800.pdf', 'https://tabolango.cl/uploads/evidencia_entrega/ev_TBL-270126-0191_1769616001.jpg', -32.64939500, -71.44136670, -32.87737430, -71.23060710, NULL, '12', NULL, NULL, '2026-02-10 17:56:22', NULL, NULL, 0);
INSERT INTO `pedidos_activos` (`id_interno`, `id_pedido`, `fecha_creacion`, `creado_por`, `cliente`, `id_interno_cliente`, `producto`, `cantidad`, `precio_unitario`, `costo_unitario`, `total_venta`, `total_costo`, `margen`, `estado`, `fecha_despacho`, `observaciones`, `qr_token`, `fecha_ultima_actualizacion`, `precio_por_kilo`, `numero_factura`, `numero_guia`, `costo_por_kilo`, `url_factura`, `url_factura_firmada`, `url_guia`, `evidencia_entrega`, `lat_entrega`, `lng_entrega`, `lat_preparacion`, `lng_preparacion`, `id_sede_interna`, `id_producto`, `ultima_edicion`, `editado_por`, `whatsapp_enviado`, `observacion_entrega`, `estado_nota_credito`, `numero_nc`) VALUES
(194, 'TBL-270126-0191', '2026-01-27 21:52:05', 'Sofia Andonaegui', 'Restaurant Kai Tiki', 37, 'Palta Hass', 10.00, 3150.00, 2400.00, 31500.00, 24000.00, 7500.00, 'Entregado', '2026-01-28', ' | Recibido por: Jonathan silva (17.232.046-5) | Nota: No se entregó caja de lechuga Roble', 'c76cb526b58121340c20e4f943aa939f', '2026-02-10 20:56:22', NULL, '167', NULL, NULL, 'https://tabolango.cl/uploads/facturas_xml/fact_TBL-270126-0191_1769625425.xml', 'https://tabolango.cl/uploads/guia_firmada/recepcion_TBL-270126-0191_1769616001.pdf', 'https://tabolango.cl/uploads/guia_de_despacho/guia_TBL-270126-0191_1769602800.pdf', 'https://tabolango.cl/uploads/evidencia_entrega/ev_TBL-270126-0191_1769616001.jpg', -32.64939500, -71.44136670, -32.87737430, -71.23060710, NULL, '10', NULL, NULL, '2026-02-10 17:56:22', NULL, NULL, 0),
(195, 'TBL-270126-0191', '2026-01-27 21:52:06', 'Sofia Andonaegui', 'Restaurant Kai Tiki', 37, 'Tomate', 1.00, 13940.00, 10084.00, 13940.00, 10084.00, 3856.00, 'Entregado', '2026-01-28', ' | Recibido por: Jonathan silva (17.232.046-5) | Nota: No se entregó caja de lechuga Roble', 'c76cb526b58121340c20e4f943aa939f', '2026-02-10 20:56:22', NULL, '167', NULL, NULL, 'https://tabolango.cl/uploads/facturas_xml/fact_TBL-270126-0191_1769625425.xml', 'https://tabolango.cl/uploads/guia_firmada/recepcion_TBL-270126-0191_1769616001.pdf', 'https://tabolango.cl/uploads/guia_de_despacho/guia_TBL-270126-0191_1769602800.pdf', 'https://tabolango.cl/uploads/evidencia_entrega/ev_TBL-270126-0191_1769616001.jpg', -32.64939500, -71.44136670, -32.87737430, -71.23060710, NULL, '3', NULL, NULL, '2026-02-10 17:56:22', NULL, NULL, 0),
(196, 'TBL-270126-0191', '2026-01-27 21:52:06', 'Sofia Andonaegui', 'Restaurant Kai Tiki', 37, 'Champiñón', 5.00, 4050.00, 2941.00, 20250.00, 14705.00, 5545.00, 'Entregado', '2026-01-28', ' | Recibido por: Jonathan silva (17.232.046-5) | Nota: No se entregó caja de lechuga Roble', 'c76cb526b58121340c20e4f943aa939f', '2026-02-10 20:56:22', NULL, '167', NULL, NULL, 'https://tabolango.cl/uploads/facturas_xml/fact_TBL-270126-0191_1769625425.xml', 'https://tabolango.cl/uploads/guia_firmada/recepcion_TBL-270126-0191_1769616001.pdf', 'https://tabolango.cl/uploads/guia_de_despacho/guia_TBL-270126-0191_1769602800.pdf', 'https://tabolango.cl/uploads/evidencia_entrega/ev_TBL-270126-0191_1769616001.jpg', -32.64939500, -71.44136670, -32.87737430, -71.23060710, NULL, '9', NULL, NULL, '2026-02-10 17:56:22', NULL, NULL, 0),
(197, 'TBL-280126-0197', '2026-01-28 16:42:21', 'Juan Andrés Espinosa', 'JAC', 45, 'Tomate', 1.00, 13940.00, 10084.00, 13445.00, 10084.00, 3361.00, 'Entregado', '2026-01-28', '16000 iva incluido', '1939d1d5c74a0328d310760a1568327c', '2026-02-10 20:56:22', NULL, '166', NULL, NULL, 'https://tabolango.cl/uploads/facturas_xml/fact_TBL-280126-0197_1769625432.xml', NULL, NULL, NULL, NULL, NULL, NULL, NULL, NULL, '3', NULL, NULL, '2026-02-10 17:56:22', NULL, NULL, 0),
(198, 'TBL-280126-0198', '2026-01-28 17:50:25', 'Juan Andrés Espinosa', 'Emanuel', 46, 'Palta Hass', 6.00, 3149.90, 2400.00, 18899.00, 14400.00, 4499.00, 'Entregado', '2026-01-28', '', '82c55a2430dc472f702c6d893a684a9c', '2026-02-10 20:56:22', NULL, '168', NULL, NULL, 'https://tabolango.cl/uploads/facturas_xml/fact_TBL-280126-0198_1769627355.xml', NULL, NULL, NULL, NULL, NULL, NULL, NULL, NULL, '10', NULL, NULL, '2026-02-10 17:56:22', NULL, NULL, 0),
(248, 'TBL-280126-0199', '2026-01-28 22:31:44', 'Sofia Andonaegui', 'Wok AND roll', 38, 'Lechuga', 0.50, 2250.00, 1000.00, 2250.00, 1000.00, 1250.00, 'Entregado', '2026-01-30', ' | Recibido por: José figueroa (14.332.752-3) | Nota: Se entrega 1 caja Lollo bionda y una caja de española', '0cbf1e59d9828606c8d00aa119547036', '2026-02-10 20:56:22', NULL, '171', NULL, NULL, 'https://tabolango.cl/uploads/facturas_xml/fact_TBL-280126-0199_1769815312.xml', 'https://tabolango.cl/uploads/guia_firmada/recepcion_TBL-280126-0199_1769792463.pdf', 'https://tabolango.cl/uploads/guia_de_despacho/guia_TBL-280126-0199_1769791800.pdf', 'https://tabolango.cl/uploads/evidencia_entrega/ev_TBL-280126-0199_1769792462.jpg', -33.01804430, -71.55356420, -32.97083320, -71.54275500, NULL, '12', NULL, NULL, '2026-02-10 17:56:22', NULL, NULL, 0),
(249, 'TBL-280126-0199', '2026-01-28 22:31:44', 'Sofia Andonaegui', 'Wok AND roll', 38, 'Lechuga', 0.50, 2250.00, 1000.00, 2250.00, 1000.00, 1250.00, 'Entregado', '2026-01-30', ' | Recibido por: José figueroa (14.332.752-3) | Nota: Se entrega 1 caja Lollo bionda y una caja de española', '0cbf1e59d9828606c8d00aa119547036', '2026-02-10 20:56:22', NULL, '171', NULL, NULL, 'https://tabolango.cl/uploads/facturas_xml/fact_TBL-280126-0199_1769815312.xml', 'https://tabolango.cl/uploads/guia_firmada/recepcion_TBL-280126-0199_1769792463.pdf', 'https://tabolango.cl/uploads/guia_de_despacho/guia_TBL-280126-0199_1769791800.pdf', 'https://tabolango.cl/uploads/evidencia_entrega/ev_TBL-280126-0199_1769792462.jpg', -33.01804430, -71.55356420, -32.97083320, -71.54275500, NULL, '13', NULL, NULL, '2026-02-10 17:56:22', NULL, NULL, 0),
(250, 'TBL-280126-0199', '2026-01-28 22:31:44', 'Sofia Andonaegui', 'Wok AND roll', 38, 'Palta Hass', 10.00, 2800.00, 2400.00, 28000.00, 24000.00, 4000.00, 'Entregado', '2026-01-30', ' | Recibido por: José figueroa (14.332.752-3) | Nota: Se entrega 1 caja Lollo bionda y una caja de española', '0cbf1e59d9828606c8d00aa119547036', '2026-02-10 20:56:22', NULL, '171', NULL, NULL, 'https://tabolango.cl/uploads/facturas_xml/fact_TBL-280126-0199_1769815312.xml', 'https://tabolango.cl/uploads/guia_firmada/recepcion_TBL-280126-0199_1769792463.pdf', 'https://tabolango.cl/uploads/guia_de_despacho/guia_TBL-280126-0199_1769791800.pdf', 'https://tabolango.cl/uploads/evidencia_entrega/ev_TBL-280126-0199_1769792462.jpg', -33.01804430, -71.55356420, -32.97083320, -71.54275500, NULL, '10', NULL, NULL, '2026-02-10 17:56:22', NULL, NULL, 0),
(251, 'TBL-280126-0199', '2026-01-28 22:31:44', 'Sofia Andonaegui', 'Wok AND roll', 38, 'Champiñón', 3.00, 3600.00, 2941.00, 10800.00, 8823.00, 1977.00, 'Entregado', '2026-01-30', ' | Recibido por: José figueroa (14.332.752-3) | Nota: Se entrega 1 caja Lollo bionda y una caja de española', '0cbf1e59d9828606c8d00aa119547036', '2026-02-10 20:56:22', NULL, '171', NULL, NULL, 'https://tabolango.cl/uploads/facturas_xml/fact_TBL-280126-0199_1769815312.xml', 'https://tabolango.cl/uploads/guia_firmada/recepcion_TBL-280126-0199_1769792463.pdf', 'https://tabolango.cl/uploads/guia_de_despacho/guia_TBL-280126-0199_1769791800.pdf', 'https://tabolango.cl/uploads/evidencia_entrega/ev_TBL-280126-0199_1769792462.jpg', -33.01804430, -71.55356420, -32.97083320, -71.54275500, NULL, '9', NULL, NULL, '2026-02-10 17:56:22', NULL, NULL, 0),
(252, 'TBL-290126-0252', '2026-01-29 11:18:54', 'Sofia Andonaegui', 'Restaurant Txipiron Ltda', 29, 'Champiñón', 10.00, 3600.00, 2941.00, 36000.00, 29410.00, 6590.00, 'Entregado', '2026-02-03', ' | Recibido por: Carlos Torreblanca (12.849.197-K)', 'e50a89a91f4c9b15e80d81b4c12b83e3', '2026-02-10 20:56:22', NULL, '200', NULL, NULL, 'https://tabolango.cl/uploads/facturas_xml/fact_TBL-290126-0252_1770209429.xml', 'https://tabolango.cl/uploads/guia_firmada/recepcion_TBL-290126-0252_1770153047.pdf', 'https://tabolango.cl/uploads/guia_de_despacho/guia_TBL-290126-0252_1770119021.pdf', 'https://tabolango.cl/uploads/evidencia_entrega/ev_TBL-290126-0252_1770153046.jpg', -33.01645070, -71.55747650, -33.01777050, -71.55507780, NULL, '9', NULL, NULL, '2026-02-10 17:56:22', NULL, NULL, 0),
(253, 'TBL-290126-0252', '2026-01-29 11:18:54', 'Sofia Andonaegui', 'Restaurant Txipiron Ltda', 29, 'Lechuga', 1.00, 4800.00, 1800.00, 4800.00, 1800.00, 3000.00, 'Entregado', '2026-02-03', ' | Recibido por: Carlos Torreblanca (12.849.197-K)', 'e50a89a91f4c9b15e80d81b4c12b83e3', '2026-02-10 20:56:22', NULL, '200', NULL, NULL, 'https://tabolango.cl/uploads/facturas_xml/fact_TBL-290126-0252_1770209429.xml', 'https://tabolango.cl/uploads/guia_firmada/recepcion_TBL-290126-0252_1770153047.pdf', 'https://tabolango.cl/uploads/guia_de_despacho/guia_TBL-290126-0252_1770119021.pdf', 'https://tabolango.cl/uploads/evidencia_entrega/ev_TBL-290126-0252_1770153046.jpg', -33.01645070, -71.55747650, -33.01777050, -71.55507780, NULL, '11', NULL, NULL, '2026-02-10 17:56:22', NULL, NULL, 0),
(254, 'TBL-290126-0252', '2026-01-29 11:18:54', 'Sofia Andonaegui', 'Restaurant Txipiron Ltda', 29, 'Lechuga', 1.00, 4500.00, 2000.00, 4500.00, 2000.00, 2500.00, 'Entregado', '2026-02-03', ' | Recibido por: Carlos Torreblanca (12.849.197-K)', 'e50a89a91f4c9b15e80d81b4c12b83e3', '2026-02-10 20:56:22', NULL, '200', NULL, NULL, 'https://tabolango.cl/uploads/facturas_xml/fact_TBL-290126-0252_1770209429.xml', 'https://tabolango.cl/uploads/guia_firmada/recepcion_TBL-290126-0252_1770153047.pdf', 'https://tabolango.cl/uploads/guia_de_despacho/guia_TBL-290126-0252_1770119021.pdf', 'https://tabolango.cl/uploads/evidencia_entrega/ev_TBL-290126-0252_1770153046.jpg', -33.01645070, -71.55747650, -33.01777050, -71.55507780, NULL, '12', NULL, NULL, '2026-02-10 17:56:22', NULL, NULL, 0),
(255, 'TBL-290126-0252', '2026-01-29 11:18:54', 'Sofia Andonaegui', 'Restaurant Txipiron Ltda', 29, 'Palta Hass', 5.00, 2800.00, 2400.00, 14000.00, 12000.00, 2000.00, 'Entregado', '2026-02-03', ' | Recibido por: Carlos Torreblanca (12.849.197-K)', 'e50a89a91f4c9b15e80d81b4c12b83e3', '2026-02-10 20:56:22', NULL, '200', NULL, NULL, 'https://tabolango.cl/uploads/facturas_xml/fact_TBL-290126-0252_1770209429.xml', 'https://tabolango.cl/uploads/guia_firmada/recepcion_TBL-290126-0252_1770153047.pdf', 'https://tabolango.cl/uploads/guia_de_despacho/guia_TBL-290126-0252_1770119021.pdf', 'https://tabolango.cl/uploads/evidencia_entrega/ev_TBL-290126-0252_1770153046.jpg', -33.01645070, -71.55747650, -33.01777050, -71.55507780, NULL, '10', NULL, NULL, '2026-02-10 17:56:22', NULL, NULL, 0),
(260, 'TBL-290126-0260', '2026-01-29 19:49:17', 'Sofia Andonaegui', 'Cevichotes Restaurant ', 44, 'Palta Hass', 10.00, 2800.00, 2400.00, 28000.00, 24000.00, 4000.00, 'Entregado', '2026-01-30', ' | Recibido por: Matías campusano (19.720.528-8)', '33ccd20c92bd9db8f132aa05eece6127', '2026-02-10 20:56:22', NULL, '180', NULL, NULL, 'https://tabolango.cl/uploads/facturas_xml/fact_TBL-290126-0260_1769817658.xml', NULL, NULL, 'https://tabolango.cl/uploads/evidencia_entrega/ev_TBL-290126-0260_1769790607.jpg', -32.97178880, -71.54213700, -32.90566330, -71.44130170, NULL, '10', NULL, NULL, '2026-02-10 17:56:22', NULL, NULL, 0),
(261, 'TBL-290126-0261', '2026-01-29 19:50:05', 'Sofia Andonaegui', 'La Chacra Verdulería', 26, 'Tomate', 1.00, 12410.00, 10084.00, 12410.00, 10084.00, 2326.00, 'Entregado', '2026-01-30', ' | Recibido por: Lorena lagrez (10.032.220-K)', 'a852064b69704a3d1eb8102f5e92fd1c', '2026-02-10 20:56:22', NULL, '172', NULL, NULL, 'https://tabolango.cl/uploads/facturas_xml/fact_TBL-290126-0261_1769815165.xml', 'https://tabolango.cl/uploads/guia_firmada/recepcion_TBL-290126-0261_1769794599.pdf', 'https://tabolango.cl/uploads/guia_de_despacho/guia_TBL-290126-0261_1769791945.pdf', 'https://tabolango.cl/uploads/evidencia_entrega/ev_TBL-290126-0261_1769794599.jpg', -33.01766830, -71.54827000, -33.02461360, -71.56000100, NULL, '3', NULL, NULL, '2026-02-10 17:56:22', NULL, NULL, 0),
(265, 'TBL-300126-0265', '2026-01-30 11:54:12', 'Antonia Espinosa', 'Kosta Brava', 32, 'Tomate', 2.00, 12410.00, 10084.00, 24820.00, 20168.00, 4652.00, 'Entregado', '2026-01-30', ' | Recibido por: Raúl paico (25.028.842-5)', 'aaf1db7495321b186ac2c9e495fc5041', '2026-02-10 20:56:22', NULL, '178', NULL, NULL, 'https://tabolango.cl/uploads/facturas_xml/fact_TBL-300126-0265_1769815257.xml', NULL, NULL, 'https://tabolango.cl/uploads/evidencia_entrega/ev_TBL-300126-0265_1769790291.jpg', -32.97061270, -71.54444850, -32.97017690, -71.54337660, NULL, '3', NULL, NULL, '2026-02-10 17:56:22', NULL, NULL, 0),
(266, 'TBL-300126-0266', '2026-01-30 11:55:10', 'Antonia Espinosa', 'Pecado del Inka - 12 Norte', 23, 'Tomate', 3.00, 12410.00, 10084.00, 37230.00, 30252.00, 6978.00, 'Entregado', '2026-01-30', ' | Recibido por: Daen ortiz (26.331.060-8)', '12c9c1527330739005e922ec60950398', '2026-02-10 20:56:22', NULL, '173', NULL, NULL, 'https://tabolango.cl/uploads/facturas_xml/fact_TBL-300126-0266_1769815209.xml', 'https://tabolango.cl/uploads/guia_firmada/recepcion_TBL-300126-0266_1769795635.pdf', 'https://tabolango.cl/uploads/guia_de_despacho/guia_TBL-300126-0266_1769792036.pdf', 'https://tabolango.cl/uploads/evidencia_entrega/ev_TBL-300126-0266_1769795635.jpg', -33.01129900, -71.54341900, -33.01085330, -71.54778170, NULL, '3', NULL, NULL, '2026-02-10 17:56:22', NULL, NULL, 0),
(267, 'TBL-300126-0267', '2026-01-30 11:56:18', 'Antonia Espinosa', 'Central Inka', 31, 'Tomate', 2.00, 12410.00, 10084.00, 24820.00, 20168.00, 4652.00, 'Entregado', '2026-01-30', ' | Recibido por: Leiber diaz (28.442.454-9)', 'ca3ec936fdb90b76188520245017ae72', '2026-02-10 20:56:22', NULL, '179', NULL, NULL, 'https://tabolango.cl/uploads/facturas_xml/fact_TBL-300126-0267_1769815288.xml', 'https://tabolango.cl/uploads/guia_firmada/recepcion_TBL-300126-0267_1769795184.pdf', 'https://tabolango.cl/uploads/guia_de_despacho/guia_TBL-300126-0267_1769792124.pdf', 'https://tabolango.cl/uploads/evidencia_entrega/ev_TBL-300126-0267_1769795184.jpg', -33.01095050, -71.54762880, -32.90037330, -71.45881670, NULL, '3', NULL, NULL, '2026-02-10 17:56:22', NULL, NULL, 0),
(268, 'TBL-300126-0268', '2026-01-30 11:56:56', 'Antonia Espinosa', 'Pecado del Inka - Ecuador', 30, 'Tomate', 2.00, 12410.00, 10084.00, 24820.00, 20168.00, 4652.00, 'Entregado', '2026-01-30', ' | Recibido por: Sarai espada (76.733.231-9)', '3f18f9472018993ce4b46d19069f3b05', '2026-02-10 20:56:22', NULL, '176', NULL, NULL, 'https://tabolango.cl/uploads/facturas_xml/fact_TBL-300126-0268_1769815231.xml', 'https://tabolango.cl/uploads/guia_firmada/recepcion_TBL-300126-0268_1769793843.pdf', 'https://tabolango.cl/uploads/guia_de_despacho/guia_TBL-300126-0268_1769792193.pdf', 'https://tabolango.cl/uploads/evidencia_entrega/ev_TBL-300126-0268_1769793843.jpg', -33.02480600, -71.56014730, -32.90532670, -71.44163330, NULL, '3', NULL, NULL, '2026-02-10 17:56:22', NULL, NULL, 0),
(273, 'TBL-300126-0273', '2026-01-30 15:52:33', 'Juan Andrés Espinosa', 'Apianados', 47, 'Palta Hass', 3.00, 3150.00, 2400.00, 9630.00, 7200.00, 2430.00, 'Entregado', '2026-01-29', '', '556f45bd5d05b1cf588f78c2b8fc656b', '2026-02-10 20:56:22', NULL, '170', NULL, NULL, 'https://tabolango.cl/uploads/facturas_xml/fact_TBL-300126-0273_1769793376.xml', NULL, NULL, NULL, NULL, NULL, NULL, NULL, NULL, '10', NULL, NULL, '2026-02-10 17:56:22', NULL, NULL, 0),
(279, 'TBL-300126-0279', '2026-01-30 18:21:13', 'Sofia Andonaegui', 'Castillo Árabe', 48, 'Tomate', 2.00, 12410.00, 10084.00, 24820.00, 20168.00, 4652.00, 'Entregado', '2026-01-31', 'Palta Mitad madura firme mitad verde', 'e10f3a15a1378fee07fc10da2898bdfa', '2026-02-10 20:56:22', NULL, '182', NULL, NULL, 'https://tabolango.cl/uploads/facturas_xml/fact_TBL-300126-0279_1769990170.xml', 'https://tabolango.cl/uploads/guia_firmada/recepcion_TBL-300126-0279_1769814368.pdf', 'https://tabolango.cl/uploads/guia_de_despacho/guia_TBL-300126-0279_1769814368.pdf', 'https://tabolango.cl/uploads/evidencia_entrega/ev_TBL-300126-0279_1769814368.jpeg', -33.02064270, -71.56522580, -32.92533347, -71.37823442, NULL, '3', NULL, NULL, '2026-02-10 17:56:22', NULL, NULL, 0),
(280, 'TBL-300126-0279', '2026-01-30 18:21:13', 'Sofia Andonaegui', 'Castillo Árabe', 48, 'Palta Hass', 10.00, 2800.00, 2400.00, 28000.00, 24000.00, 4000.00, 'Entregado', '2026-01-31', 'Palta Mitad madura firme mitad verde', 'e10f3a15a1378fee07fc10da2898bdfa', '2026-02-10 20:56:22', NULL, '182', NULL, NULL, 'https://tabolango.cl/uploads/facturas_xml/fact_TBL-300126-0279_1769990170.xml', 'https://tabolango.cl/uploads/guia_firmada/recepcion_TBL-300126-0279_1769814368.pdf', 'https://tabolango.cl/uploads/guia_de_despacho/guia_TBL-300126-0279_1769814368.pdf', 'https://tabolango.cl/uploads/evidencia_entrega/ev_TBL-300126-0279_1769814368.jpeg', -33.02064270, -71.56522580, -32.92533347, -71.37823442, NULL, '10', NULL, NULL, '2026-02-10 17:56:22', NULL, NULL, 0),
(281, 'TBL-300126-0279', '2026-01-30 18:21:13', 'Sofia Andonaegui', 'Castillo Árabe', 48, 'Champiñón', 10.00, 5800.00, 5336.00, 58000.00, 53360.00, 4640.00, 'Entregado', '2026-01-31', 'Palta Mitad madura firme mitad verde', 'e10f3a15a1378fee07fc10da2898bdfa', '2026-02-10 20:56:22', NULL, '182', NULL, NULL, 'https://tabolango.cl/uploads/facturas_xml/fact_TBL-300126-0279_1769990170.xml', 'https://tabolango.cl/uploads/guia_firmada/recepcion_TBL-300126-0279_1769814368.pdf', 'https://tabolango.cl/uploads/guia_de_despacho/guia_TBL-300126-0279_1769814368.pdf', 'https://tabolango.cl/uploads/evidencia_entrega/ev_TBL-300126-0279_1769814368.jpeg', -33.02064270, -71.56522580, -32.92533347, -71.37823442, NULL, '7', NULL, NULL, '2026-02-10 17:56:22', NULL, NULL, 0),
(282, 'TBL-300126-0279', '2026-01-30 18:21:13', 'Sofia Andonaegui', 'Castillo Árabe', 48, 'Lechuga', 2.00, 4500.00, 2000.00, 9000.00, 4000.00, 5000.00, 'Entregado', '2026-01-31', 'Palta Mitad madura firme mitad verde', 'e10f3a15a1378fee07fc10da2898bdfa', '2026-02-10 20:56:22', NULL, '182', NULL, NULL, 'https://tabolango.cl/uploads/facturas_xml/fact_TBL-300126-0279_1769990170.xml', 'https://tabolango.cl/uploads/guia_firmada/recepcion_TBL-300126-0279_1769814368.pdf', 'https://tabolango.cl/uploads/guia_de_despacho/guia_TBL-300126-0279_1769814368.pdf', 'https://tabolango.cl/uploads/evidencia_entrega/ev_TBL-300126-0279_1769814368.jpeg', -33.02064270, -71.56522580, -32.92533347, -71.37823442, NULL, '12', NULL, NULL, '2026-02-10 17:56:22', NULL, NULL, 0),
(283, 'TBL-280126-0199', '2026-01-28 22:31:44', 'Sofia Andonaegui', 'Wok AND roll', 38, 'Lechuga', 1.00, 4800.00, 1800.00, 4800.00, 1800.00, 3000.00, 'Entregado', '2026-01-30', ' | Recibido por: José figueroa (14.332.752-3) | Nota: Se entrega 1 caja Lollo bionda y una caja de española', '0cbf1e59d9828606c8d00aa119547036', '2026-02-10 20:56:22', NULL, '171', NULL, NULL, 'https://tabolango.cl/uploads/facturas_xml/fact_TBL-280126-0199_1769815312.xml', 'https://tabolango.cl/uploads/guia_firmada/recepcion_TBL-280126-0199_1769792463.pdf', 'https://tabolango.cl/uploads/guia_de_despacho/guia_TBL-280126-0199_1769791800.pdf', 'https://tabolango.cl/uploads/evidencia_entrega/ev_TBL-280126-0199_1769792462.jpg', -33.01804430, -71.55356420, -32.97083320, -71.54275500, NULL, '11', NULL, NULL, '2026-02-10 17:56:22', NULL, NULL, 0),
(284, 'TBL-300126-0284', '2026-01-30 23:11:14', 'Sofia Andonaegui', 'La Chacra Verdulería', 26, 'Palta Hass', 25.00, 2800.00, 2400.00, 70000.00, 60000.00, 10000.00, 'Entregado', '2026-01-31', '', 'fdcd07f068cf4f5b4d623743f098bd9d', '2026-02-10 20:56:22', NULL, '183', NULL, NULL, 'https://tabolango.cl/uploads/facturas_xml/fact_TBL-300126-0284_1769990185.xml', 'https://tabolango.cl/uploads/guia_firmada/recepcion_TBL-300126-0284_1769817847.pdf', 'https://tabolango.cl/uploads/guia_de_despacho/guia_TBL-300126-0284_1769817847.pdf', 'https://tabolango.cl/uploads/evidencia_entrega/ev_TBL-300126-0284_1769817847.jpeg', -33.01785700, -71.54826210, -33.00497703, -71.54587297, NULL, '10', NULL, NULL, '2026-02-10 17:56:22', NULL, NULL, 0),
(286, 'TBL-290126-0256', '2026-01-30 23:38:11', 'Sofia Andonaegui', 'Pizzería El Templo', 21, 'Lechuga', 0.50, 4500.00, 2000.00, 2250.00, 1000.00, 1250.00, 'Entregado', '2026-01-30', ' | Recibido por: Erick soto (27.453.280-7)', '12fb3905d15ad4c2b720de9d8938f008', '2026-02-10 20:56:22', NULL, '181', NULL, NULL, 'https://tabolango.cl/uploads/facturas_xml/fact_TBL-290126-0256_1769817674.xml', NULL, NULL, NULL, NULL, NULL, NULL, NULL, NULL, '12', '2026-01-30 20:38:11', 'Juan Andrés Espinosa', '2026-02-10 17:56:22', NULL, NULL, 0),
(287, 'TBL-290126-0256', '2026-01-30 23:38:11', 'Sofia Andonaegui', 'Pizzería El Templo', 21, 'Lechuga', 0.50, 2250.00, 1000.00, 2250.00, 1000.00, 1250.00, 'Entregado', '2026-01-30', ' | Recibido por: Erick soto (27.453.280-7)', '12fb3905d15ad4c2b720de9d8938f008', '2026-02-10 20:56:22', NULL, '181', NULL, NULL, 'https://tabolango.cl/uploads/facturas_xml/fact_TBL-290126-0256_1769817674.xml', NULL, NULL, NULL, NULL, NULL, NULL, NULL, NULL, '12', '2026-01-30 20:38:11', 'Juan Andrés Espinosa', '2026-02-10 17:56:22', NULL, NULL, 0),
(288, 'TBL-290126-0256', '2026-01-30 23:38:11', 'Sofia Andonaegui', 'Pizzería El Templo', 21, 'Tomate', 1.00, 12410.00, 10084.00, 12410.00, 10084.00, 2326.00, 'Entregado', '2026-01-30', ' | Recibido por: Erick soto (27.453.280-7)', '12fb3905d15ad4c2b720de9d8938f008', '2026-02-10 20:56:22', NULL, '181', NULL, NULL, 'https://tabolango.cl/uploads/facturas_xml/fact_TBL-290126-0256_1769817674.xml', NULL, NULL, NULL, NULL, NULL, NULL, NULL, NULL, '3', '2026-01-30 20:38:11', 'Juan Andrés Espinosa', '2026-02-10 17:56:22', NULL, NULL, 0),
(289, 'TBL-290126-0256', '2026-01-30 23:38:11', 'Sofia Andonaegui', 'Pizzería El Templo', 21, 'Champiñón', 5.00, 3600.00, 2941.00, 18000.00, 14705.00, 3295.00, 'Entregado', '2026-01-30', ' | Recibido por: Erick soto (27.453.280-7)', '12fb3905d15ad4c2b720de9d8938f008', '2026-02-10 20:56:22', NULL, '181', NULL, NULL, 'https://tabolango.cl/uploads/facturas_xml/fact_TBL-290126-0256_1769817674.xml', NULL, NULL, NULL, -32.94193630, -71.52124060, NULL, NULL, NULL, '9', '2026-01-30 20:38:11', 'Juan Andrés Espinosa', '2026-02-10 17:56:22', NULL, NULL, 0),
(292, 'TBL-010226-0292', '2026-02-01 22:23:07', 'Sofia Andonaegui', 'Fogón Carmencha', 41, 'Tomate', 1.00, 12410.00, 10084.00, 12410.00, 10084.00, 2326.00, 'Entregado', '2026-02-03', ' | Recibido por: Jaime fernandez (13.332.986-2)', 'aa52c74b936d52d558c2f892505b6e69', '2026-02-10 20:56:22', NULL, '185', NULL, NULL, 'https://tabolango.cl/uploads/facturas_xml/fact_TBL-010226-0292_1770146819.xml', 'https://tabolango.cl/uploads/guia_firmada/recepcion_TBL-010226-0292_1770129623.pdf', 'https://tabolango.cl/uploads/guia_de_despacho/guia_TBL-010226-0292_1770117952.pdf', 'https://tabolango.cl/uploads/evidencia_entrega/ev_TBL-010226-0292_1770129623.jpg', -32.93603260, -71.52393450, -32.92534132, -71.37816530, NULL, '3', NULL, NULL, '2026-02-10 17:56:22', NULL, NULL, 0),
(293, 'TBL-010226-0292', '2026-02-01 22:23:07', 'Sofia Andonaegui', 'Fogón Carmencha', 41, 'Palta Hass', 3.00, 2800.00, 2400.00, 8400.00, 7200.00, 1200.00, 'Entregado', '2026-02-03', ' | Recibido por: Jaime fernandez (13.332.986-2)', 'aa52c74b936d52d558c2f892505b6e69', '2026-02-10 20:56:22', NULL, '185', NULL, NULL, 'https://tabolango.cl/uploads/facturas_xml/fact_TBL-010226-0292_1770146819.xml', 'https://tabolango.cl/uploads/guia_firmada/recepcion_TBL-010226-0292_1770129623.pdf', 'https://tabolango.cl/uploads/guia_de_despacho/guia_TBL-010226-0292_1770117952.pdf', 'https://tabolango.cl/uploads/evidencia_entrega/ev_TBL-010226-0292_1770129623.jpg', -32.93603260, -71.52393450, -32.92534132, -71.37816530, NULL, '10', NULL, NULL, '2026-02-10 17:56:22', NULL, NULL, 0),
(295, 'TBL-020226-0294', '2026-02-02 15:04:50', 'Juan Andrés Espinosa', 'Dominó', 2, 'Tomate', 196.00, 11050.00, 10084.00, 2165800.00, 1976464.00, 138048.00, 'Entregado', '2026-02-03', ' | Recibido por: Luis (1-9)', '9f047dbfb46cb3ec7298ea33e31726c1', '2026-02-10 20:56:22', NULL, '184', NULL, NULL, 'https://tabolango.cl/uploads/facturas_xml/fact_TBL-020226-0294_1770146792.xml', 'https://tabolango.cl/uploads/guia_firmada/recepcion_TBL-020226-0294_1770128414.pdf', 'https://tabolango.cl/uploads/guia_de_despacho/guia_TBL-020226-0294_1770117818.pdf', 'https://tabolango.cl/uploads/evidencia_entrega/ev_TBL-020226-0294_1770128414.jpg', -33.42722590, -70.64987310, -33.42727890, -70.64967500, NULL, '3', NULL, NULL, '2026-02-10 17:56:22', NULL, NULL, 0),
(296, 'TBL-020226-0296', '2026-02-02 15:21:38', 'Sofia Andonaegui', 'Restaurant Kai Tiki', 37, 'Champiñón', 5.00, 4050.00, 2941.00, 20250.00, 14705.00, 5545.00, 'Entregado', '2026-02-04', ' | Recibido por: Marcia segundo (4.063.012-5)', '85b26cbe0e9928e0a980dd63958222c0', '2026-02-10 20:56:22', NULL, '212', '116', NULL, 'https://tabolango.cl/uploads/facturas_xml/fact_TBL-020226-0296_1770245457.xml', 'https://tabolango.cl/uploads/guia_firmada/recepcion_TBL-020226-0296_1770219953.pdf', 'https://tabolango.cl/uploads/guia_de_despacho/guia_TBL-020226-0296_1770216234.pdf', 'https://tabolango.cl/uploads/evidencia_entrega/ev_TBL-020226-0296_1770219953.jpg', -32.64994240, -71.44125350, -32.64960830, -71.44137000, NULL, '9', NULL, NULL, '2026-02-10 17:56:22', NULL, NULL, 0),
(297, 'TBL-020226-0296', '2026-02-02 15:21:38', 'Sofia Andonaegui', 'Restaurant Kai Tiki', 37, 'Lechuga', 2.00, 5500.00, 2000.00, 11000.00, 4000.00, 7000.00, 'Entregado', '2026-02-04', ' | Recibido por: Marcia segundo (4.063.012-5)', '85b26cbe0e9928e0a980dd63958222c0', '2026-02-10 20:56:22', NULL, '212', '116', NULL, 'https://tabolango.cl/uploads/facturas_xml/fact_TBL-020226-0296_1770245457.xml', 'https://tabolango.cl/uploads/guia_firmada/recepcion_TBL-020226-0296_1770219953.pdf', 'https://tabolango.cl/uploads/guia_de_despacho/guia_TBL-020226-0296_1770216234.pdf', 'https://tabolango.cl/uploads/evidencia_entrega/ev_TBL-020226-0296_1770219953.jpg', -32.64994240, -71.44125350, -32.64960830, -71.44137000, NULL, '12', NULL, NULL, '2026-02-10 17:56:22', NULL, NULL, 0),
(298, 'TBL-020226-0296', '2026-02-02 15:21:38', 'Sofia Andonaegui', 'Restaurant Kai Tiki', 37, 'Tomate', 2.00, 12665.00, 9244.00, 25330.00, 18488.00, 6842.00, 'Entregado', '2026-02-04', ' | Recibido por: Marcia segundo (4.063.012-5)', '85b26cbe0e9928e0a980dd63958222c0', '2026-02-10 20:56:22', NULL, '212', '116', NULL, 'https://tabolango.cl/uploads/facturas_xml/fact_TBL-020226-0296_1770245457.xml', 'https://tabolango.cl/uploads/guia_firmada/recepcion_TBL-020226-0296_1770219953.pdf', 'https://tabolango.cl/uploads/guia_de_despacho/guia_TBL-020226-0296_1770216234.pdf', 'https://tabolango.cl/uploads/evidencia_entrega/ev_TBL-020226-0296_1770219953.jpg', -32.64994240, -71.44125350, -32.64960830, -71.44137000, NULL, '8', NULL, NULL, '2026-02-10 17:56:22', NULL, NULL, 0),
(300, 'TBL-020226-0300', '2026-02-02 16:36:37', 'Sofia Andonaegui', 'Wok AND roll', 38, 'Lechuga', 1.00, 4500.00, 2000.00, 4500.00, 2000.00, 2500.00, 'Entregado', '2026-02-03', ' | Recibido por: Giovanni Espinoza (20.481.633-6)', '558b2387bb9e3c9bf007e072089b5682', '2026-02-10 20:56:22', NULL, '204', NULL, NULL, 'https://tabolango.cl/uploads/facturas_xml/fact_TBL-020226-0300_1770209406.xml', 'https://tabolango.cl/uploads/guia_firmada/recepcion_TBL-020226-0300_1770152256.pdf', 'https://tabolango.cl/uploads/guia_de_despacho/guia_TBL-020226-0300_1770119609.pdf', 'https://tabolango.cl/uploads/evidencia_entrega/ev_TBL-020226-0300_1770152256.jpg', -33.01816990, -71.55352500, -32.92525240, -71.37813557, NULL, '12', NULL, NULL, '2026-02-10 17:56:22', NULL, NULL, 0),
(301, 'TBL-020226-0300', '2026-02-02 16:36:37', 'Sofia Andonaegui', 'Wok AND roll', 38, 'Lechuga', 1.00, 4500.00, 2000.00, 4500.00, 2000.00, 2500.00, 'Entregado', '2026-02-03', ' | Recibido por: Giovanni Espinoza (20.481.633-6)', '558b2387bb9e3c9bf007e072089b5682', '2026-02-10 20:56:22', NULL, '204', NULL, NULL, 'https://tabolango.cl/uploads/facturas_xml/fact_TBL-020226-0300_1770209406.xml', 'https://tabolango.cl/uploads/guia_firmada/recepcion_TBL-020226-0300_1770152256.pdf', 'https://tabolango.cl/uploads/guia_de_despacho/guia_TBL-020226-0300_1770119609.pdf', 'https://tabolango.cl/uploads/evidencia_entrega/ev_TBL-020226-0300_1770152256.jpg', -33.01816990, -71.55352500, -32.92525240, -71.37813557, NULL, '13', NULL, NULL, '2026-02-10 17:56:22', NULL, NULL, 0),
(302, 'TBL-020226-0300', '2026-02-02 16:36:37', 'Sofia Andonaegui', 'Wok AND roll', 38, 'Palta Hass', 10.00, 2800.00, 2400.00, 28000.00, 24000.00, 4000.00, 'Entregado', '2026-02-03', ' | Recibido por: Giovanni Espinoza (20.481.633-6)', '558b2387bb9e3c9bf007e072089b5682', '2026-02-10 20:56:22', NULL, '204', NULL, NULL, 'https://tabolango.cl/uploads/facturas_xml/fact_TBL-020226-0300_1770209406.xml', 'https://tabolango.cl/uploads/guia_firmada/recepcion_TBL-020226-0300_1770152256.pdf', 'https://tabolango.cl/uploads/guia_de_despacho/guia_TBL-020226-0300_1770119609.pdf', 'https://tabolango.cl/uploads/evidencia_entrega/ev_TBL-020226-0300_1770152256.jpg', -33.01816990, -71.55352500, -32.92525240, -71.37813557, NULL, '10', NULL, NULL, '2026-02-10 17:56:22', NULL, NULL, 0),
(306, 'TBL-010226-0290', '2026-02-02 17:16:26', 'Sofia Andonaegui', 'Nitan Gourmet', 33, 'Lechuga', 1.00, 4800.00, 1800.00, 4800.00, 1800.00, 3000.00, 'Entregado', '2026-02-03', ' | Recibido por: Macarena Saavedra (77.015.783-8)', 'baeb9f7b360380099c8323e2a2a4782d', '2026-02-10 20:56:22', NULL, '203', NULL, NULL, 'https://tabolango.cl/uploads/facturas_xml/fact_TBL-010226-0290_1770209274.xml', 'https://tabolango.cl/uploads/guia_firmada/recepcion_TBL-010226-0290_1770150592.pdf', 'https://tabolango.cl/uploads/guia_de_despacho/guia_TBL-010226-0290_1770118200.pdf', 'https://tabolango.cl/uploads/evidencia_entrega/ev_TBL-010226-0290_1770150592.jpg', -33.01778380, -71.54833740, -33.00813000, -71.54787670, NULL, '11', '2026-02-02 14:16:26', 'Sofia Andonaegui', '2026-02-10 17:56:22', NULL, NULL, 0),
(307, 'TBL-010226-0290', '2026-02-02 17:16:26', 'Sofia Andonaegui', 'Nitan Gourmet', 33, 'Champiñón', 3.00, 3600.00, 5336.00, 10800.00, 16008.00, -5208.00, 'Entregado', '2026-02-03', ' | Recibido por: Macarena Saavedra (77.015.783-8)', 'baeb9f7b360380099c8323e2a2a4782d', '2026-02-10 20:56:22', NULL, '203', NULL, NULL, 'https://tabolango.cl/uploads/facturas_xml/fact_TBL-010226-0290_1770209274.xml', 'https://tabolango.cl/uploads/guia_firmada/recepcion_TBL-010226-0290_1770150592.pdf', 'https://tabolango.cl/uploads/guia_de_despacho/guia_TBL-010226-0290_1770118200.pdf', 'https://tabolango.cl/uploads/evidencia_entrega/ev_TBL-010226-0290_1770150592.jpg', -33.01778380, -71.54833740, -33.00813000, -71.54787670, NULL, '7', '2026-02-02 14:16:26', 'Sofia Andonaegui', '2026-02-10 17:56:22', NULL, NULL, 0),
(308, 'TBL-010226-0290', '2026-02-02 17:16:26', 'Sofia Andonaegui', 'Nitan Gourmet', 33, 'Palta Hass', 2.00, 2800.00, 2400.00, 5600.00, 4800.00, 800.00, 'Entregado', '2026-02-03', ' | Recibido por: Macarena Saavedra (77.015.783-8)', 'baeb9f7b360380099c8323e2a2a4782d', '2026-02-10 20:56:22', NULL, '203', NULL, NULL, 'https://tabolango.cl/uploads/facturas_xml/fact_TBL-010226-0290_1770209274.xml', 'https://tabolango.cl/uploads/guia_firmada/recepcion_TBL-010226-0290_1770150592.pdf', 'https://tabolango.cl/uploads/guia_de_despacho/guia_TBL-010226-0290_1770118200.pdf', 'https://tabolango.cl/uploads/evidencia_entrega/ev_TBL-010226-0290_1770150592.jpg', -33.01778380, -71.54833740, -33.00813000, -71.54787670, NULL, '10', '2026-02-02 14:16:26', 'Sofia Andonaegui', '2026-02-10 17:56:22', NULL, NULL, 0),
(310, 'TBL-020226-0310', '2026-02-02 17:24:49', 'Sofia Andonaegui', 'Burgazo', 51, 'Champiñón', 25.00, 3600.00, 2941.00, 90000.00, 73525.00, 16475.00, 'Entregado', '2026-02-04', '', '8946a751771bb47ec56f80d248b6656d', '2026-02-10 20:56:22', NULL, '209', '115', NULL, 'https://tabolango.cl/uploads/facturas_xml/fact_TBL-020226-0310_1770245439.xml', NULL, 'https://tabolango.cl/uploads/guia_de_despacho/guia_TBL-020226-0310_1770215951.pdf', NULL, NULL, NULL, -32.64906200, -71.43894080, NULL, '9', NULL, NULL, '2026-02-10 17:56:22', NULL, NULL, 0),
(314, 'TBL-020226-0314', '2026-02-02 17:55:11', 'Sofia Andonaegui', 'Pizzería El Templo', 21, 'Palta Hass', 12.00, 2800.00, 2400.00, 33600.00, 28800.00, 4800.00, 'Entregado', '2026-02-03', 'Palta separar en 2 cajas de 6kg\r\nChampiñones separar en 2 cajas de 6kg | Recibido por: Erick Soto (27.453.280-7)', '2e3d1cfafef403e6450227546b1c6bcb', '2026-02-10 20:56:22', NULL, '189', NULL, NULL, 'https://tabolango.cl/uploads/facturas_xml/fact_TBL-020226-0314_1770146861.xml', 'https://tabolango.cl/uploads/guia_firmada/recepcion_TBL-020226-0314_1770130197.pdf', 'https://tabolango.cl/uploads/guia_de_despacho/guia_TBL-020226-0314_1770119380.pdf', 'https://tabolango.cl/uploads/evidencia_entrega/ev_TBL-020226-0314_1770130197.jpg', -32.94167190, -71.52104240, -32.91066000, -71.49423240, NULL, '10', NULL, NULL, '2026-02-10 17:56:22', NULL, NULL, 0),
(315, 'TBL-020226-0314', '2026-02-02 17:55:11', 'Sofia Andonaegui', 'Pizzería El Templo', 21, 'Tomate', 1.00, 11305.00, 9244.00, 11305.00, 9244.00, 2061.00, 'Entregado', '2026-02-03', 'Palta separar en 2 cajas de 6kg\r\nChampiñones separar en 2 cajas de 6kg | Recibido por: Erick Soto (27.453.280-7)', '2e3d1cfafef403e6450227546b1c6bcb', '2026-02-10 20:56:22', NULL, '189', NULL, NULL, 'https://tabolango.cl/uploads/facturas_xml/fact_TBL-020226-0314_1770146861.xml', 'https://tabolango.cl/uploads/guia_firmada/recepcion_TBL-020226-0314_1770130197.pdf', 'https://tabolango.cl/uploads/guia_de_despacho/guia_TBL-020226-0314_1770119380.pdf', 'https://tabolango.cl/uploads/evidencia_entrega/ev_TBL-020226-0314_1770130197.jpg', -32.94167190, -71.52104240, -32.91066000, -71.49423240, NULL, '8', NULL, NULL, '2026-02-10 17:56:22', NULL, NULL, 0),
(316, 'TBL-020226-0314', '2026-02-02 17:55:11', 'Sofia Andonaegui', 'Pizzería El Templo', 21, 'Champiñón', 12.00, 3600.00, 2941.00, 43200.00, 35292.00, 7908.00, 'Entregado', '2026-02-03', 'Palta separar en 2 cajas de 6kg\r\nChampiñones separar en 2 cajas de 6kg | Recibido por: Erick Soto (27.453.280-7)', '2e3d1cfafef403e6450227546b1c6bcb', '2026-02-10 20:56:22', NULL, '189', NULL, NULL, 'https://tabolango.cl/uploads/facturas_xml/fact_TBL-020226-0314_1770146861.xml', 'https://tabolango.cl/uploads/guia_firmada/recepcion_TBL-020226-0314_1770130197.pdf', 'https://tabolango.cl/uploads/guia_de_despacho/guia_TBL-020226-0314_1770119380.pdf', 'https://tabolango.cl/uploads/evidencia_entrega/ev_TBL-020226-0314_1770130197.jpg', -32.94167190, -71.52104240, -32.91066000, -71.49423240, NULL, '9', NULL, NULL, '2026-02-10 17:56:22', NULL, NULL, 0),
(317, 'TBL-020226-0317', '2026-02-02 18:47:11', 'Sofia Andonaegui', 'La Flor de Chile', 25, 'Champiñón', 8.00, 3600.00, 2941.00, 28800.00, 23528.00, 5272.00, 'Entregado', '2026-02-03', ' | Recibido por: Nancy solano (24.740.984-K)', '3289dfe3d85067b0f48eb15ecc9df3f7', '2026-02-10 20:56:22', NULL, '201', NULL, NULL, 'https://tabolango.cl/uploads/facturas_xml/fact_TBL-020226-0317_1770209172.xml', 'https://tabolango.cl/uploads/guia_firmada/recepcion_TBL-020226-0317_1770151598.pdf', 'https://tabolango.cl/uploads/guia_de_despacho/guia_TBL-020226-0317_1770119250.pdf', 'https://tabolango.cl/uploads/evidencia_entrega/ev_TBL-020226-0317_1770151598.jpg', -33.01687600, -71.55143820, -32.92532383, -71.37815109, NULL, '9', NULL, NULL, '2026-02-10 17:56:22', NULL, NULL, 0),
(318, 'TBL-020226-0318', '2026-02-02 20:31:01', 'Sofia Andonaegui', 'Pecado del Inka - Ecuador', 30, 'Tomate', 3.00, 12410.00, 10084.00, 37230.00, 30252.00, 6978.00, 'Entregado', '2026-02-03', ' | Recibido por: Micaela dolores (28.789.443-0)', '0aaaedde1a4dcdc82bef0411b0b886bd', '2026-02-10 20:56:22', NULL, '199', NULL, NULL, 'https://tabolango.cl/uploads/facturas_xml/fact_TBL-020226-0318_1770209116.xml', 'https://tabolango.cl/uploads/guia_firmada/recepcion_TBL-020226-0318_1770155008.pdf', 'https://tabolango.cl/uploads/guia_de_despacho/guia_TBL-020226-0318_1770119154.pdf', 'https://tabolango.cl/uploads/evidencia_entrega/ev_TBL-020226-0318_1770155008.jpg', -33.02479560, -71.56014890, -33.02480370, -71.56016040, NULL, '3', NULL, NULL, '2026-02-10 17:56:22', NULL, NULL, 0),
(319, 'TBL-020226-0318', '2026-02-02 20:31:01', 'Sofia Andonaegui', 'Pecado del Inka - Ecuador', 30, 'Lechuga', 2.00, 7660.00, 5500.00, 15320.00, 11000.00, 4320.00, 'Entregado', '2026-02-03', ' | Recibido por: Micaela dolores (28.789.443-0)', '0aaaedde1a4dcdc82bef0411b0b886bd', '2026-02-10 20:56:22', NULL, '199', NULL, NULL, 'https://tabolango.cl/uploads/facturas_xml/fact_TBL-020226-0318_1770209116.xml', 'https://tabolango.cl/uploads/guia_firmada/recepcion_TBL-020226-0318_1770155008.pdf', 'https://tabolango.cl/uploads/guia_de_despacho/guia_TBL-020226-0318_1770119154.pdf', 'https://tabolango.cl/uploads/evidencia_entrega/ev_TBL-020226-0318_1770155008.jpg', -33.02479560, -71.56014890, -33.02480370, -71.56016040, NULL, '14', NULL, NULL, '2026-02-10 17:56:22', NULL, NULL, 0),
(320, 'TBL-020226-0318', '2026-02-02 20:31:01', 'Sofia Andonaegui', 'Pecado del Inka - Ecuador', 30, 'Lechuga', 1.00, 4500.00, 2000.00, 4500.00, 2000.00, 2500.00, 'Entregado', '2026-02-03', ' | Recibido por: Micaela dolores (28.789.443-0)', '0aaaedde1a4dcdc82bef0411b0b886bd', '2026-02-10 20:56:22', NULL, '199', NULL, NULL, 'https://tabolango.cl/uploads/facturas_xml/fact_TBL-020226-0318_1770209116.xml', 'https://tabolango.cl/uploads/guia_firmada/recepcion_TBL-020226-0318_1770155008.pdf', 'https://tabolango.cl/uploads/guia_de_despacho/guia_TBL-020226-0318_1770119154.pdf', 'https://tabolango.cl/uploads/evidencia_entrega/ev_TBL-020226-0318_1770155008.jpg', -33.02479560, -71.56014890, -33.02480370, -71.56016040, NULL, '12', NULL, NULL, '2026-02-10 17:56:22', NULL, NULL, 0),
(321, 'TBL-020226-0321', '2026-02-02 20:32:26', 'Sofia Andonaegui', 'Pecado del Inka - 12 Norte', 23, 'Tomate', 2.00, 12410.00, 10084.00, 24820.00, 20168.00, 4652.00, 'Entregado', '2026-02-03', ' | Recibido por: Raúl paico (25.028.842-5) | Nota: Faltaron 2 españolas unid', '2d9f01104bfa501ae5a43f340c0c3d52', '2026-02-10 20:56:22', NULL, '197', NULL, NULL, 'https://tabolango.cl/uploads/facturas_xml/fact_TBL-020226-0321_1770209086.xml', 'https://tabolango.cl/uploads/guia_firmada/recepcion_TBL-020226-0321_1770156039.pdf', 'https://tabolango.cl/uploads/guia_de_despacho/guia_TBL-020226-0321_1770119493.pdf', 'https://tabolango.cl/uploads/evidencia_entrega/ev_TBL-020226-0321_1770156038.jpg', -33.01130740, -71.54342420, -32.93157140, -71.44975700, NULL, '3', NULL, NULL, '2026-02-10 17:56:22', NULL, NULL, 0),
(322, 'TBL-020226-0321', '2026-02-02 20:32:26', 'Sofia Andonaegui', 'Pecado del Inka - 12 Norte', 23, 'Lechuga', 1.00, 7660.00, 5500.00, 7660.00, 5500.00, 2160.00, 'Entregado', '2026-02-03', ' | Recibido por: Raúl paico (25.028.842-5) | Nota: Faltaron 2 españolas unid', '2d9f01104bfa501ae5a43f340c0c3d52', '2026-02-10 20:56:22', NULL, '197', NULL, NULL, 'https://tabolango.cl/uploads/facturas_xml/fact_TBL-020226-0321_1770209086.xml', 'https://tabolango.cl/uploads/guia_firmada/recepcion_TBL-020226-0321_1770156039.pdf', 'https://tabolango.cl/uploads/guia_de_despacho/guia_TBL-020226-0321_1770119493.pdf', 'https://tabolango.cl/uploads/evidencia_entrega/ev_TBL-020226-0321_1770156038.jpg', -33.01130740, -71.54342420, -32.93157140, -71.44975700, NULL, '14', NULL, NULL, '2026-02-10 17:56:22', NULL, NULL, 0),
(323, 'TBL-020226-0321', '2026-02-02 20:32:26', 'Sofia Andonaegui', 'Pecado del Inka - 12 Norte', 23, 'Lechuga', 2.00, 4500.00, 2000.00, 9000.00, 4000.00, 5000.00, 'Entregado', '2026-02-03', ' | Recibido por: Raúl paico (25.028.842-5) | Nota: Faltaron 2 españolas unid', '2d9f01104bfa501ae5a43f340c0c3d52', '2026-02-10 20:56:22', NULL, '197', NULL, NULL, 'https://tabolango.cl/uploads/facturas_xml/fact_TBL-020226-0321_1770209086.xml', 'https://tabolango.cl/uploads/guia_firmada/recepcion_TBL-020226-0321_1770156039.pdf', 'https://tabolango.cl/uploads/guia_de_despacho/guia_TBL-020226-0321_1770119493.pdf', 'https://tabolango.cl/uploads/evidencia_entrega/ev_TBL-020226-0321_1770156038.jpg', -33.01130740, -71.54342420, -32.93157140, -71.44975700, NULL, '12', NULL, NULL, '2026-02-10 17:56:22', NULL, NULL, 0),
(324, 'TBL-020226-0324', '2026-02-02 20:33:26', 'Sofia Andonaegui', 'Central Inka', 31, 'Lechuga', 1.00, 7660.00, 5500.00, 7660.00, 5500.00, 2160.00, 'Entregado', '2026-02-03', ' | Recibido por: Efraín laguna (24.989.004-9)', '926fab843fd460e3765f760dbb1a0eeb', '2026-02-10 20:56:22', NULL, '195', NULL, NULL, 'https://tabolango.cl/uploads/facturas_xml/fact_TBL-020226-0324_1770209016.xml', 'https://tabolango.cl/uploads/guia_firmada/recepcion_TBL-020226-0324_1770156485.pdf', 'https://tabolango.cl/uploads/guia_de_despacho/guia_TBL-020226-0324_1770118651.pdf', 'https://tabolango.cl/uploads/evidencia_entrega/ev_TBL-020226-0324_1770156484.jpg', -33.01091900, -71.54756500, -33.01085830, -71.54773170, NULL, '14', NULL, NULL, '2026-02-10 17:56:22', NULL, NULL, 0),
(325, 'TBL-020226-0325', '2026-02-02 20:35:45', 'Sofia Andonaegui', 'Cevichotes Restaurant ', 44, 'Palta Hass', 10.00, 2800.00, 2400.00, 28000.00, 24000.00, 4000.00, 'Entregado', '2026-02-03', ' | Recibido por: Matías campusano (19.720.528-8)', '7cf11f2cdf995f575bf33f37447b1ae4', '2026-02-10 20:56:22', NULL, '191', NULL, NULL, 'https://tabolango.cl/uploads/facturas_xml/fact_TBL-020226-0325_1770146885.xml', 'https://tabolango.cl/uploads/guia_firmada/recepcion_TBL-020226-0325_1770131687.pdf', 'https://tabolango.cl/uploads/guia_de_despacho/guia_TBL-020226-0325_1770118557.pdf', 'https://tabolango.cl/uploads/evidencia_entrega/ev_TBL-020226-0325_1770131686.jpg', -32.97178500, -71.54204830, -32.92531333, -71.37814619, NULL, '10', NULL, NULL, '2026-02-10 17:56:22', NULL, NULL, 0),
(326, 'TBL-020226-0326', '2026-02-02 21:16:32', 'Sofia Andonaegui', 'Castillo Árabe', 48, 'Tomate', 1.00, 12410.00, 10084.00, 12410.00, 10084.00, 2326.00, 'Entregado', '2026-02-03', ' | Recibido por: Katherine marin (17.587.452-6)', 'bcea30039962d15e200cf50b02da654f', '2026-02-10 20:56:22', NULL, '194', NULL, NULL, 'https://tabolango.cl/uploads/facturas_xml/fact_TBL-020226-0326_1770208900.xml', 'https://tabolango.cl/uploads/guia_firmada/recepcion_TBL-020226-0326_1770153766.pdf', 'https://tabolango.cl/uploads/guia_de_despacho/guia_TBL-020226-0326_1770118442.pdf', 'https://tabolango.cl/uploads/evidencia_entrega/ev_TBL-020226-0326_1770153766.jpg', -33.02083530, -71.56627520, -33.02068240, -71.56545930, NULL, '3', NULL, NULL, '2026-02-10 17:56:22', NULL, NULL, 0),
(327, 'TBL-020226-0327', '2026-02-02 21:24:47', 'Sofia Andonaegui', 'la Ruka', 52, 'Champiñón', 4.00, 5800.00, 5336.00, 23200.00, 21344.00, 1856.00, 'Entregado', '2026-02-03', '', '9d539abac87f33f26eacf21252407f61', '2026-02-10 20:56:22', NULL, '192', NULL, NULL, 'https://tabolango.cl/uploads/facturas_xml/fact_TBL-020226-0327_1770208778.xml', NULL, 'https://tabolango.cl/uploads/guia_de_despacho/guia_TBL-020226-0327_1770120972.pdf', NULL, -32.92807289, -71.42610466, -32.92516293, -71.37810900, NULL, '7', NULL, NULL, '2026-02-10 17:56:22', NULL, NULL, 0),
(328, 'TBL-020226-0328', '2026-02-02 21:38:37', 'Sofia Andonaegui', 'La Chacra Verdulería', 26, 'Tomate', 1.00, 12410.00, 10084.00, 12410.00, 10084.00, 2326.00, 'Entregado', '2026-02-03', ' | Recibido por: Lorena lagrez (10.032.220-K)', '352d25c1c50177024869adba6fde788c', '2026-02-10 20:56:22', NULL, '193', NULL, NULL, 'https://tabolango.cl/uploads/facturas_xml/fact_TBL-020226-0328_1770208813.xml', 'https://tabolango.cl/uploads/guia_firmada/recepcion_TBL-020226-0328_1770150759.pdf', 'https://tabolango.cl/uploads/guia_de_despacho/guia_TBL-020226-0328_1770118287.pdf', 'https://tabolango.cl/uploads/evidencia_entrega/ev_TBL-020226-0328_1770150759.jpg', -33.01781570, -71.54825260, -33.01778620, -71.54819710, NULL, '3', NULL, NULL, '2026-02-10 17:56:22', NULL, NULL, 0),
(336, 'TBL-030226-0334', '2026-02-03 16:22:50', 'Sofia Andonaegui', 'La Caleta', 53, 'Palta Hass', 6.00, 2800.00, 2400.00, 16800.00, 14400.00, 2400.00, 'Entregado', '2026-02-04', ' | Recibido por: Vanessa casas (21.153.789-2) | Recibido por: Vanessa casas (21.153.789-2)', '83aa8c15782e47a41fd28896c527cf4d', '2026-02-10 20:56:22', NULL, '207', NULL, NULL, 'https://tabolango.cl/uploads/facturas_xml/fact_TBL-030226-0334_1770245488.xml', 'https://tabolango.cl/uploads/guia_firmada/recepcion_TBL-030226-0334_1770220440.pdf', 'https://tabolango.cl/uploads/guia_de_despacho/guia_TBL-030226-0334_1770215768.pdf', 'https://tabolango.cl/uploads/evidencia_entrega/ev_TBL-030226-0334_1770220440.jpg', -32.64932000, -71.44014500, -32.91284788, -71.49029959, NULL, '10', '2026-02-03 13:22:50', 'Sofia Andonaegui', '2026-02-10 17:56:22', NULL, NULL, 0),
(337, 'TBL-030226-0334', '2026-02-03 16:22:50', 'Sofia Andonaegui', 'La Caleta', 53, 'Champiñón', 1.00, 3600.00, 2941.00, 3600.00, 2941.00, 659.00, 'Entregado', '2026-02-04', ' | Recibido por: Vanessa casas (21.153.789-2) | Recibido por: Vanessa casas (21.153.789-2)', '83aa8c15782e47a41fd28896c527cf4d', '2026-02-10 20:56:22', NULL, '207', NULL, NULL, 'https://tabolango.cl/uploads/facturas_xml/fact_TBL-030226-0334_1770245488.xml', 'https://tabolango.cl/uploads/guia_firmada/recepcion_TBL-030226-0334_1770220440.pdf', 'https://tabolango.cl/uploads/guia_de_despacho/guia_TBL-030226-0334_1770215768.pdf', 'https://tabolango.cl/uploads/evidencia_entrega/ev_TBL-030226-0334_1770220440.jpg', -32.64932000, -71.44014500, -32.91284788, -71.49029959, NULL, '9', '2026-02-03 13:22:50', 'Sofia Andonaegui', '2026-02-10 17:56:22', NULL, NULL, 0),
(338, 'TBL-030226-0338', '2026-02-03 16:27:37', 'Sofia Andonaegui', 'Bar Tees Costa Cachagua', 49, 'Lechuga', 1.00, 8100.00, 5500.00, 8100.00, 5500.00, 2600.00, 'Entregado', '2026-02-04', 'Paltas 15 Maduras (primera) 15 firmes (Segunda)', 'c5eb206d4ab615ec913a5ee1530ea567', '2026-02-10 20:56:22', NULL, '205', '113', NULL, 'https://tabolango.cl/uploads/facturas_xml/fact_TBL-030226-0338_1770245473.xml', NULL, 'https://tabolango.cl/uploads/guia_de_despacho/guia_TBL-030226-0338_1770215635.pdf', NULL, NULL, NULL, -32.92531003, -71.37818116, NULL, '14', NULL, NULL, '2026-02-10 17:56:22', NULL, NULL, 0),
(339, 'TBL-030226-0338', '2026-02-03 16:27:37', 'Sofia Andonaegui', 'Bar Tees Costa Cachagua', 49, 'Tomate', 3.00, 12665.00, 9244.00, 37995.00, 27732.00, 10263.00, 'Entregado', '2026-02-04', 'Paltas 15 Maduras (primera) 15 firmes (Segunda)', 'c5eb206d4ab615ec913a5ee1530ea567', '2026-02-10 20:56:22', NULL, '205', '113', NULL, 'https://tabolango.cl/uploads/facturas_xml/fact_TBL-030226-0338_1770245473.xml', NULL, 'https://tabolango.cl/uploads/guia_de_despacho/guia_TBL-030226-0338_1770215635.pdf', NULL, NULL, NULL, -32.92531003, -71.37818116, NULL, '8', NULL, NULL, '2026-02-10 17:56:22', NULL, NULL, 0),
(340, 'TBL-030226-0338', '2026-02-03 16:27:37', 'Sofia Andonaegui', 'Bar Tees Costa Cachagua', 49, 'Champiñón', 1.00, 4050.00, 2941.00, 4050.00, 2941.00, 1109.00, 'Entregado', '2026-02-04', 'Paltas 15 Maduras (primera) 15 firmes (Segunda)', 'c5eb206d4ab615ec913a5ee1530ea567', '2026-02-10 20:56:22', NULL, '205', '113', NULL, 'https://tabolango.cl/uploads/facturas_xml/fact_TBL-030226-0338_1770245473.xml', NULL, 'https://tabolango.cl/uploads/guia_de_despacho/guia_TBL-030226-0338_1770215635.pdf', NULL, NULL, NULL, -32.92531003, -71.37818116, NULL, '9', NULL, NULL, '2026-02-10 17:56:22', NULL, NULL, 0),
(341, 'TBL-030226-0338', '2026-02-03 16:27:37', 'Sofia Andonaegui', 'Bar Tees Costa Cachagua', 49, 'Palta Hass', 15.00, 3150.00, 2400.00, 47250.00, 36000.00, 11250.00, 'Entregado', '2026-02-04', 'Paltas 15 Maduras (primera) 15 firmes (Segunda)', 'c5eb206d4ab615ec913a5ee1530ea567', '2026-02-10 20:56:22', NULL, '205', '113', NULL, 'https://tabolango.cl/uploads/facturas_xml/fact_TBL-030226-0338_1770245473.xml', NULL, 'https://tabolango.cl/uploads/guia_de_despacho/guia_TBL-030226-0338_1770215635.pdf', NULL, NULL, NULL, -32.92531003, -71.37818116, NULL, '10', NULL, NULL, '2026-02-10 17:56:22', NULL, NULL, 0),
(342, 'TBL-030226-0338', '2026-02-03 16:27:37', 'Sofia Andonaegui', 'Bar Tees Costa Cachagua', 49, 'Palta Hass', 15.00, 2800.00, 2100.00, 42000.00, 31500.00, 10500.00, 'Entregado', '2026-02-04', 'Paltas 15 Maduras (primera) 15 firmes (Segunda)', 'c5eb206d4ab615ec913a5ee1530ea567', '2026-02-10 20:56:22', NULL, '205', '113', NULL, 'https://tabolango.cl/uploads/facturas_xml/fact_TBL-030226-0338_1770245473.xml', NULL, 'https://tabolango.cl/uploads/guia_de_despacho/guia_TBL-030226-0338_1770215635.pdf', NULL, NULL, NULL, -32.92531003, -71.37818116, NULL, '5', NULL, NULL, '2026-02-10 17:56:22', NULL, NULL, 0),
(357, 'TBL-040226-0357', '2026-02-04 21:37:12', 'Sofia Andonaegui', 'Dominó', 2, 'Tomate', 196.00, 11050.00, 10084.00, 2165800.00, 1976464.00, 138048.00, 'Entregado', '2026-02-05', '', 'f2e8032c8baf25549fdf57c880842886', '2026-02-10 20:56:22', NULL, '213', '117', NULL, 'https://tabolango.cl/uploads/facturas_xml/fact_TBL-040226-0357_1770377066.xml', 'https://tabolango.cl/uploads/guia_firmada/recepción_TBL-040226-0357_1770377066.jpg', 'https://tabolango.cl/uploads/guia_de_despacho/guia_TBL-040226-0357_1770377467.jpg', 'https://tabolango.cl/uploads/evidencia_entrega/ev_TBL-040226-0357_1770377066.jpg', -33.42722520, -70.64987300, -33.42724800, -70.64990390, NULL, '3', NULL, NULL, '2026-02-10 17:56:22', NULL, NULL, 0),
(379, 'TBL-050226-0379', '2026-02-05 17:15:06', 'Sofia Andonaegui', 'Pecado del Inka - Ecuador', 30, 'Tomate', 3.00, 12410.00, 10084.00, 37230.00, 30252.00, 6978.00, 'Entregado', '2026-02-06', ' | Recibido por: Sarai espada (76.733.231-9)', '90cabcd3baec844f2841ae939bb8f7ab', '2026-02-10 20:56:22', NULL, '224', '120', NULL, 'https://tabolango.cl/uploads/facturas_xml/fact_TBL-050226-0379_1770405079.xml', 'https://tabolango.cl/uploads/guia_firmada/recepcion_TBL-050226-0379_1770399360.pdf', 'https://tabolango.cl/uploads/guia_de_despacho/guia_TBL-050226-0379_1770378117.pdf', 'https://tabolango.cl/uploads/evidencia_entrega/ev_TBL-050226-0379_1770399359.jpg', -33.02479880, -71.56015950, -33.02496010, -71.56018720, NULL, '3', NULL, NULL, '2026-02-10 17:56:22', NULL, NULL, 0);
INSERT INTO `pedidos_activos` (`id_interno`, `id_pedido`, `fecha_creacion`, `creado_por`, `cliente`, `id_interno_cliente`, `producto`, `cantidad`, `precio_unitario`, `costo_unitario`, `total_venta`, `total_costo`, `margen`, `estado`, `fecha_despacho`, `observaciones`, `qr_token`, `fecha_ultima_actualizacion`, `precio_por_kilo`, `numero_factura`, `numero_guia`, `costo_por_kilo`, `url_factura`, `url_factura_firmada`, `url_guia`, `evidencia_entrega`, `lat_entrega`, `lng_entrega`, `lat_preparacion`, `lng_preparacion`, `id_sede_interna`, `id_producto`, `ultima_edicion`, `editado_por`, `whatsapp_enviado`, `observacion_entrega`, `estado_nota_credito`, `numero_nc`) VALUES
(380, 'TBL-050226-0379', '2026-02-05 17:15:06', 'Sofia Andonaegui', 'Pecado del Inka - Ecuador', 30, 'Lechuga', 2.00, 4500.00, 2000.00, 9000.00, 4000.00, 5000.00, 'Entregado', '2026-02-06', ' | Recibido por: Sarai espada (76.733.231-9)', '90cabcd3baec844f2841ae939bb8f7ab', '2026-02-10 20:56:22', NULL, '224', '120', NULL, 'https://tabolango.cl/uploads/facturas_xml/fact_TBL-050226-0379_1770405079.xml', 'https://tabolango.cl/uploads/guia_firmada/recepcion_TBL-050226-0379_1770399360.pdf', 'https://tabolango.cl/uploads/guia_de_despacho/guia_TBL-050226-0379_1770378117.pdf', 'https://tabolango.cl/uploads/evidencia_entrega/ev_TBL-050226-0379_1770399359.jpg', -33.02479880, -71.56015950, -33.02496010, -71.56018720, NULL, '12', NULL, NULL, '2026-02-10 17:56:22', NULL, NULL, 0),
(381, 'TBL-050226-0381', '2026-02-05 17:16:45', 'Sofia Andonaegui', 'Pecado del Inka - 12 Norte', 23, 'Tomate', 3.00, 12410.00, 10084.00, 37230.00, 30252.00, 6978.00, 'Entregado', '2026-02-06', ' | [!] Entrega forzada por Admin. | Recibido por: Cada del sistema (K)', '33d7d5adcd7ebb2770986f2b8f8c0c22', '2026-02-10 20:56:22', NULL, '222', '119', NULL, 'https://tabolango.cl/uploads/facturas_xml/fact_TBL-050226-0381_1770405059.xml', 'https://tabolango.cl/uploads/guia_firmada/recepcion_TBL-050226-0381_1770403459.pdf', 'https://tabolango.cl/uploads/guia_de_despacho/guia_TBL-050226-0381_1770377992.pdf', 'https://tabolango.cl/uploads/evidencia_entrega/ev_TBL-050226-0381_1770403458.jpg', -33.01139380, -71.54335800, -33.02363110, -71.55981110, NULL, '3', NULL, NULL, '2026-02-10 17:56:22', NULL, NULL, 0),
(382, 'TBL-050226-0381', '2026-02-05 17:16:45', 'Sofia Andonaegui', 'Pecado del Inka - 12 Norte', 23, 'Lechuga', 2.00, 4500.00, 2000.00, 9000.00, 4000.00, 5000.00, 'Entregado', '2026-02-06', ' | [!] Entrega forzada por Admin. | Recibido por: Cada del sistema (K)', '33d7d5adcd7ebb2770986f2b8f8c0c22', '2026-02-10 20:56:22', NULL, '222', '119', NULL, 'https://tabolango.cl/uploads/facturas_xml/fact_TBL-050226-0381_1770405059.xml', 'https://tabolango.cl/uploads/guia_firmada/recepcion_TBL-050226-0381_1770403459.pdf', 'https://tabolango.cl/uploads/guia_de_despacho/guia_TBL-050226-0381_1770377992.pdf', 'https://tabolango.cl/uploads/evidencia_entrega/ev_TBL-050226-0381_1770403458.jpg', -33.01139380, -71.54335800, -33.02363110, -71.55981110, NULL, '13', NULL, NULL, '2026-02-10 17:56:22', NULL, NULL, 0),
(383, 'TBL-050226-0381', '2026-02-05 17:16:45', 'Sofia Andonaegui', 'Pecado del Inka - 12 Norte', 23, 'Lechuga', 2.00, 7660.00, 5500.00, 15320.00, 11000.00, 4320.00, 'Entregado', '2026-02-06', ' | [!] Entrega forzada por Admin. | Recibido por: Cada del sistema (K)', '33d7d5adcd7ebb2770986f2b8f8c0c22', '2026-02-10 20:56:22', NULL, '222', '119', NULL, 'https://tabolango.cl/uploads/facturas_xml/fact_TBL-050226-0381_1770405059.xml', 'https://tabolango.cl/uploads/guia_firmada/recepcion_TBL-050226-0381_1770403459.pdf', 'https://tabolango.cl/uploads/guia_de_despacho/guia_TBL-050226-0381_1770377992.pdf', 'https://tabolango.cl/uploads/evidencia_entrega/ev_TBL-050226-0381_1770403458.jpg', -33.01139380, -71.54335800, -33.02363110, -71.55981110, NULL, '14', NULL, NULL, '2026-02-10 17:56:22', NULL, NULL, 0),
(384, 'TBL-050226-0384', '2026-02-05 17:18:33', 'Sofia Andonaegui', 'Central Inka', 31, 'Tomate', 2.00, 12410.00, 10084.00, 24820.00, 20168.00, 4652.00, 'Entregado', '2026-02-06', ' | [!] Entrega forzada por Admin. | Recibido por: Caida Sistema (K)', '2383fe474d5b8b8ec18990b32355b958', '2026-02-10 20:56:22', NULL, '220', '121', NULL, 'https://tabolango.cl/uploads/facturas_xml/fact_TBL-050226-0384_1770405035.xml', 'https://tabolango.cl/uploads/guia_firmada/recepcion_TBL-050226-0384_1770403505.pdf', 'https://tabolango.cl/uploads/guia_de_despacho/guia_TBL-050226-0384_1770378271.pdf', 'https://tabolango.cl/uploads/evidencia_entrega/ev_TBL-050226-0384_1770403505.jpg', -33.01090130, -71.54753640, -33.01095650, -71.54770830, NULL, '3', NULL, NULL, '2026-02-10 17:56:22', NULL, NULL, 0),
(385, 'TBL-050226-0384', '2026-02-05 17:18:33', 'Sofia Andonaegui', 'Central Inka', 31, 'Lechuga', 2.00, 4500.00, 2000.00, 9000.00, 4000.00, 5000.00, 'Entregado', '2026-02-06', ' | [!] Entrega forzada por Admin. | Recibido por: Caida Sistema (K)', '2383fe474d5b8b8ec18990b32355b958', '2026-02-10 20:56:22', NULL, '220', '121', NULL, 'https://tabolango.cl/uploads/facturas_xml/fact_TBL-050226-0384_1770405035.xml', 'https://tabolango.cl/uploads/guia_firmada/recepcion_TBL-050226-0384_1770403505.pdf', 'https://tabolango.cl/uploads/guia_de_despacho/guia_TBL-050226-0384_1770378271.pdf', 'https://tabolango.cl/uploads/evidencia_entrega/ev_TBL-050226-0384_1770403505.jpg', -33.01090130, -71.54753640, -33.01095650, -71.54770830, NULL, '13', NULL, NULL, '2026-02-10 17:56:22', NULL, NULL, 0),
(386, 'TBL-050226-0384', '2026-02-05 17:18:33', 'Sofia Andonaegui', 'Central Inka', 31, 'Lechuga', 1.00, 7660.00, 5500.00, 7660.00, 5500.00, 2160.00, 'Entregado', '2026-02-06', ' | [!] Entrega forzada por Admin. | Recibido por: Caida Sistema (K)', '2383fe474d5b8b8ec18990b32355b958', '2026-02-10 20:56:22', NULL, '220', '121', NULL, 'https://tabolango.cl/uploads/facturas_xml/fact_TBL-050226-0384_1770405035.xml', 'https://tabolango.cl/uploads/guia_firmada/recepcion_TBL-050226-0384_1770403505.pdf', 'https://tabolango.cl/uploads/guia_de_despacho/guia_TBL-050226-0384_1770378271.pdf', 'https://tabolango.cl/uploads/evidencia_entrega/ev_TBL-050226-0384_1770403505.jpg', -33.01090130, -71.54753640, -33.01095650, -71.54770830, NULL, '14', NULL, NULL, '2026-02-10 17:56:22', NULL, NULL, 0),
(387, 'TBL-050226-0387', '2026-02-05 18:12:34', 'Sofia Andonaegui', 'Kosta Brava', 32, 'Tomate', 1.00, 12410.00, 10084.00, 12410.00, 10084.00, 2326.00, 'Entregado', '2026-02-06', ' | Recibido por: Robert castillejo (26.668.310-3)', '2c1f2a75a06c8ba75f766bfdf78abb1e', '2026-02-10 20:56:22', NULL, '218', '118', NULL, 'https://tabolango.cl/uploads/facturas_xml/fact_TBL-050226-0387_1770405020.xml', 'https://tabolango.cl/uploads/guia_firmada/recepcion_TBL-050226-0387_1770394988.pdf', 'https://tabolango.cl/uploads/guia_de_despacho/guia_TBL-050226-0387_1770377807.pdf', 'https://tabolango.cl/uploads/evidencia_entrega/ev_TBL-050226-0387_1770394988.jpg', -32.97057700, -71.54440550, -32.94160590, -71.53139610, NULL, '3', NULL, NULL, '2026-02-10 17:56:22', NULL, NULL, 0),
(388, 'TBL-050226-0387', '2026-02-05 18:12:34', 'Sofia Andonaegui', 'Kosta Brava', 32, 'Lechuga', 2.00, 4500.00, 2000.00, 9000.00, 4000.00, 5000.00, 'Entregado', '2026-02-06', ' | Recibido por: Robert castillejo (26.668.310-3)', '2c1f2a75a06c8ba75f766bfdf78abb1e', '2026-02-10 20:56:22', NULL, '218', '118', NULL, 'https://tabolango.cl/uploads/facturas_xml/fact_TBL-050226-0387_1770405020.xml', 'https://tabolango.cl/uploads/guia_firmada/recepcion_TBL-050226-0387_1770394988.pdf', 'https://tabolango.cl/uploads/guia_de_despacho/guia_TBL-050226-0387_1770377807.pdf', 'https://tabolango.cl/uploads/evidencia_entrega/ev_TBL-050226-0387_1770394988.jpg', -32.97057700, -71.54440550, -32.94160590, -71.53139610, NULL, '12', NULL, NULL, '2026-02-10 17:56:22', NULL, NULL, 0),
(389, 'TBL-050226-0387', '2026-02-05 18:12:34', 'Sofia Andonaegui', 'Kosta Brava', 32, 'Lechuga', 1.00, 7660.00, 5500.00, 7660.00, 5500.00, 2160.00, 'Entregado', '2026-02-06', ' | Recibido por: Robert castillejo (26.668.310-3)', '2c1f2a75a06c8ba75f766bfdf78abb1e', '2026-02-10 20:56:22', NULL, '218', '118', NULL, 'https://tabolango.cl/uploads/facturas_xml/fact_TBL-050226-0387_1770405020.xml', 'https://tabolango.cl/uploads/guia_firmada/recepcion_TBL-050226-0387_1770394988.pdf', 'https://tabolango.cl/uploads/guia_de_despacho/guia_TBL-050226-0387_1770377807.pdf', 'https://tabolango.cl/uploads/evidencia_entrega/ev_TBL-050226-0387_1770394988.jpg', -32.97057700, -71.54440550, -32.94160590, -71.53139610, NULL, '14', NULL, NULL, '2026-02-10 17:56:22', NULL, NULL, 0),
(421, 'TBL-050226-0376', '2026-02-05 20:31:07', 'Sofia Andonaegui', 'Pizzería Mónaco', 56, 'Champiñón', 1.00, 4050.00, 2941.00, 4050.00, 2941.00, 1109.00, 'Entregado', '2026-02-07', ' | Recibido por: Francisco kohen (17.785.009-8)', '8538e3dbe85c8c3f1ab9b9a603a1d184', '2026-02-10 20:53:13', NULL, '226', '125', NULL, 'https://tabolango.cl/uploads/facturas_xml/fact_TBL-050226-0376_1770479282.xml', 'https://tabolango.cl/uploads/guia_firmada/recepcion_TBL-050226-0376_1770477879.pdf', 'https://tabolango.cl/uploads/guia_de_despacho/guia_TBL-050226-0376_1770466535.pdf', 'https://tabolango.cl/uploads/evidencia_entrega/ev_TBL-050226-0376_1770477879.jpg', -32.64443058, -71.43234683, -32.92518319, -71.37810282, NULL, '9', '2026-02-05 17:31:07', 'Juan Andrés Espinosa', '2026-02-10 17:52:51', NULL, NULL, 0),
(422, 'TBL-050226-0376', '2026-02-05 20:31:07', 'Sofia Andonaegui', 'Pizzería Mónaco', 56, 'Tomate', 1.00, 13940.00, 10084.00, 13940.00, 10084.00, 3856.00, 'Entregado', '2026-02-07', ' | Recibido por: Francisco kohen (17.785.009-8)', '8538e3dbe85c8c3f1ab9b9a603a1d184', '2026-02-10 20:53:13', NULL, '226', '125', NULL, 'https://tabolango.cl/uploads/facturas_xml/fact_TBL-050226-0376_1770479282.xml', 'https://tabolango.cl/uploads/guia_firmada/recepcion_TBL-050226-0376_1770477879.pdf', 'https://tabolango.cl/uploads/guia_de_despacho/guia_TBL-050226-0376_1770466535.pdf', 'https://tabolango.cl/uploads/evidencia_entrega/ev_TBL-050226-0376_1770477879.jpg', -32.64443058, -71.43234683, -32.92518319, -71.37810282, NULL, '3', '2026-02-05 17:31:07', 'Juan Andrés Espinosa', '2026-02-10 17:52:51', NULL, NULL, 0),
(423, 'TBL-050226-0376', '2026-02-05 20:31:07', 'Sofia Andonaegui', 'Pizzería Mónaco', 56, 'Palta Hass', 10.00, 3150.00, 2400.00, 31500.00, 24000.00, 7500.00, 'Entregado', '2026-02-07', ' | Recibido por: Francisco kohen (17.785.009-8)', '8538e3dbe85c8c3f1ab9b9a603a1d184', '2026-02-10 20:53:13', NULL, '226', '125', NULL, 'https://tabolango.cl/uploads/facturas_xml/fact_TBL-050226-0376_1770479282.xml', 'https://tabolango.cl/uploads/guia_firmada/recepcion_TBL-050226-0376_1770477879.pdf', 'https://tabolango.cl/uploads/guia_de_despacho/guia_TBL-050226-0376_1770466535.pdf', 'https://tabolango.cl/uploads/evidencia_entrega/ev_TBL-050226-0376_1770477879.jpg', -32.64443058, -71.43234683, -32.92518319, -71.37810282, NULL, '10', '2026-02-05 17:31:07', 'Juan Andrés Espinosa', '2026-02-10 17:52:51', NULL, NULL, 0),
(470, 'TBL-050226-0370', '2026-02-05 23:34:39', 'Sofia Andonaegui', 'La Chacra Verdulería', 26, 'Palta Hass', 30.00, 2800.00, 2400.00, 84000.00, 72000.00, 12000.00, 'Entregado', '2026-02-06', ' | Recibido por: Lorena lagrez (10.032.220-K)', '08a4b1bb4489890bfe3cd9302736da93', '2026-02-10 20:56:22', NULL, '217', '122', NULL, 'https://tabolango.cl/uploads/facturas_xml/fact_TBL-050226-0370_1770404998.xml', 'https://tabolango.cl/uploads/guia_firmada/recepcion_TBL-050226-0370_1770397774.pdf', 'https://tabolango.cl/uploads/guia_de_despacho/guia_TBL-050226-0370_1770378373.pdf', 'https://tabolango.cl/uploads/evidencia_entrega/ev_TBL-050226-0370_1770397774.jpg', -33.01778990, -71.54821690, -32.92521731, -71.37811559, NULL, '10', '2026-02-05 20:34:39', 'Antonia Espinosa', '2026-02-10 17:56:22', NULL, NULL, 0),
(471, 'TBL-050226-0370', '2026-02-05 23:34:39', 'Sofia Andonaegui', 'La Chacra Verdulería', 26, 'Tomate', 1.00, 12410.00, 10084.00, 12410.00, 10084.00, 2326.00, 'Entregado', '2026-02-06', ' | Recibido por: Lorena lagrez (10.032.220-K)', '08a4b1bb4489890bfe3cd9302736da93', '2026-02-10 20:56:22', NULL, '217', '122', NULL, 'https://tabolango.cl/uploads/facturas_xml/fact_TBL-050226-0370_1770404998.xml', 'https://tabolango.cl/uploads/guia_firmada/recepcion_TBL-050226-0370_1770397774.pdf', 'https://tabolango.cl/uploads/guia_de_despacho/guia_TBL-050226-0370_1770378373.pdf', 'https://tabolango.cl/uploads/evidencia_entrega/ev_TBL-050226-0370_1770397774.jpg', -33.01778990, -71.54821690, -32.92521731, -71.37811559, NULL, '3', '2026-02-05 20:34:39', 'Antonia Espinosa', '2026-02-10 17:56:22', NULL, NULL, 0),
(472, 'TBL-050226-0360', '2026-02-05 23:34:49', 'Sofia Andonaegui', 'La Flor de Chile', 25, 'Choclo', 1.00, 3300.00, 1800.00, 3300.00, 1800.00, 1500.00, 'Entregado', '2026-02-06', ' | Recibido por: Hernán merino (1.074.818-K)', 'd5904cd958a0b84be78b3b481c5f76ac', '2026-02-10 20:56:22', NULL, '216', '123', NULL, 'https://tabolango.cl/uploads/facturas_xml/fact_TBL-050226-0360_1770404979.xml', 'https://tabolango.cl/uploads/guia_firmada/recepcion_TBL-050226-0360_1770396970.pdf', 'https://tabolango.cl/uploads/guia_de_despacho/guia_TBL-050226-0360_1770378536.pdf', 'https://tabolango.cl/uploads/evidencia_entrega/ev_TBL-050226-0360_1770396970.jpg', -33.01489310, -71.55120240, -32.97149560, -71.54269850, NULL, '15', '2026-02-05 20:34:49', 'Juan Andrés Espinosa', '2026-02-10 17:56:22', NULL, NULL, 0),
(473, 'TBL-050226-0360', '2026-02-05 23:34:49', 'Sofia Andonaegui', 'La Flor de Chile', 25, 'Tomate', 1.00, 12410.00, 10084.00, 12410.00, 10084.00, 2326.00, 'Entregado', '2026-02-06', ' | Recibido por: Hernán merino (1.074.818-K)', 'd5904cd958a0b84be78b3b481c5f76ac', '2026-02-10 20:56:22', NULL, '216', '123', NULL, 'https://tabolango.cl/uploads/facturas_xml/fact_TBL-050226-0360_1770404979.xml', 'https://tabolango.cl/uploads/guia_firmada/recepcion_TBL-050226-0360_1770396970.pdf', 'https://tabolango.cl/uploads/guia_de_despacho/guia_TBL-050226-0360_1770378536.pdf', 'https://tabolango.cl/uploads/evidencia_entrega/ev_TBL-050226-0360_1770396970.jpg', -33.01489310, -71.55120240, -32.97149560, -71.54269850, NULL, '3', '2026-02-05 20:34:49', 'Juan Andrés Espinosa', '2026-02-10 17:56:22', NULL, NULL, 0),
(474, 'TBL-050226-0360', '2026-02-05 23:34:49', 'Sofia Andonaegui', 'La Flor de Chile', 25, 'Palta Hass', 10.00, 2800.00, 2400.00, 28000.00, 24000.00, 4000.00, 'Entregado', '2026-02-06', ' | Recibido por: Hernán merino (1.074.818-K)', 'd5904cd958a0b84be78b3b481c5f76ac', '2026-02-10 20:56:22', NULL, '216', '123', NULL, 'https://tabolango.cl/uploads/facturas_xml/fact_TBL-050226-0360_1770404979.xml', 'https://tabolango.cl/uploads/guia_firmada/recepcion_TBL-050226-0360_1770396970.pdf', 'https://tabolango.cl/uploads/guia_de_despacho/guia_TBL-050226-0360_1770378536.pdf', 'https://tabolango.cl/uploads/evidencia_entrega/ev_TBL-050226-0360_1770396970.jpg', -33.01489310, -71.55120240, -32.97149560, -71.54269850, NULL, '10', '2026-02-05 20:34:49', 'Juan Andrés Espinosa', '2026-02-10 17:56:22', NULL, NULL, 0),
(475, 'TBL-050226-0360', '2026-02-05 23:34:49', 'Sofia Andonaegui', 'La Flor de Chile', 25, 'Champiñón', 15.00, 3600.00, 2941.00, 54000.00, 44115.00, 9885.00, 'Entregado', '2026-02-06', ' | Recibido por: Hernán merino (1.074.818-K)', 'd5904cd958a0b84be78b3b481c5f76ac', '2026-02-10 20:56:22', NULL, '216', '123', NULL, 'https://tabolango.cl/uploads/facturas_xml/fact_TBL-050226-0360_1770404979.xml', 'https://tabolango.cl/uploads/guia_firmada/recepcion_TBL-050226-0360_1770396970.pdf', 'https://tabolango.cl/uploads/guia_de_despacho/guia_TBL-050226-0360_1770378536.pdf', 'https://tabolango.cl/uploads/evidencia_entrega/ev_TBL-050226-0360_1770396970.jpg', -33.01489310, -71.55120240, -32.97149560, -71.54269850, NULL, '9', '2026-02-05 20:34:49', 'Juan Andrés Espinosa', '2026-02-10 17:56:22', NULL, NULL, 0),
(483, 'TBL-060226-0483', '2026-02-06 01:43:18', 'Sofia Andonaegui', 'Empanadas Tio Mario', 57, 'Lechuga', 3.00, 8100.00, 5500.00, 24300.00, 16500.00, 7800.00, 'Entregado', '2026-02-07', ' | Recibido por: Constanza Jaime (21.272.510-2)', 'a723f1c706c5b2da0915b026f4c10247', '2026-02-10 20:56:22', NULL, '227', '126', NULL, 'https://tabolango.cl/uploads/facturas_xml/fact_TBL-060226-0483_1770479301.xml', 'https://tabolango.cl/uploads/guia_firmada/recepcion_TBL-060226-0483_1770475642.pdf', 'https://tabolango.cl/uploads/guia_de_despacho/guia_TBL-060226-0483_1770466690.pdf', 'https://tabolango.cl/uploads/evidencia_entrega/ev_TBL-060226-0483_1770475641.jpg', -32.68672598, -71.40913843, -32.92516363, -71.37810732, NULL, '14', NULL, NULL, '2026-02-10 17:56:22', NULL, NULL, 0),
(484, 'TBL-060226-0483', '2026-02-06 01:43:18', 'Sofia Andonaegui', 'Empanadas Tio Mario', 57, 'Tomate', 3.00, 13940.00, 10084.00, 41820.00, 30252.00, 11568.00, 'Entregado', '2026-02-07', ' | Recibido por: Constanza Jaime (21.272.510-2)', 'a723f1c706c5b2da0915b026f4c10247', '2026-02-10 20:56:22', NULL, '227', '126', NULL, 'https://tabolango.cl/uploads/facturas_xml/fact_TBL-060226-0483_1770479301.xml', 'https://tabolango.cl/uploads/guia_firmada/recepcion_TBL-060226-0483_1770475642.pdf', 'https://tabolango.cl/uploads/guia_de_despacho/guia_TBL-060226-0483_1770466690.pdf', 'https://tabolango.cl/uploads/evidencia_entrega/ev_TBL-060226-0483_1770475641.jpg', -32.68672598, -71.40913843, -32.92516363, -71.37810732, NULL, '3', NULL, NULL, '2026-02-10 17:56:22', NULL, NULL, 0),
(485, 'TBL-060226-0483', '2026-02-06 01:43:18', 'Sofia Andonaegui', 'Empanadas Tio Mario', 57, 'Palta Hass', 20.00, 2800.00, 2100.00, 56000.00, 42000.00, 14000.00, 'Entregado', '2026-02-07', ' | Recibido por: Constanza Jaime (21.272.510-2)', 'a723f1c706c5b2da0915b026f4c10247', '2026-02-10 20:56:22', NULL, '227', '126', NULL, 'https://tabolango.cl/uploads/facturas_xml/fact_TBL-060226-0483_1770479301.xml', 'https://tabolango.cl/uploads/guia_firmada/recepcion_TBL-060226-0483_1770475642.pdf', 'https://tabolango.cl/uploads/guia_de_despacho/guia_TBL-060226-0483_1770466690.pdf', 'https://tabolango.cl/uploads/evidencia_entrega/ev_TBL-060226-0483_1770475641.jpg', -32.68672598, -71.40913843, -32.92516363, -71.37810732, NULL, '5', NULL, NULL, '2026-02-10 17:56:22', NULL, NULL, 0),
(486, 'TBL-050226-0394', '2026-02-06 01:45:02', 'Sofia Andonaegui', 'Pizzería El Templo', 21, 'Palta Hass', 16.00, 2800.00, 2800.00, 44800.00, 38400.00, 6400.00, 'Entregado', '2026-02-06', 'Quintay 8kg de champiñón 2da, 7kg palta primera \"como para la semana\" 1 caja tomate  | Recibido por: Carlos miranda (9.877.822-5)', 'b42a4f3931d23f76887f003b77e9f200', '2026-02-10 20:56:22', NULL, '214', '124', NULL, 'https://tabolango.cl/uploads/facturas_xml/fact_TBL-050226-0394_1770404962.xml', 'https://tabolango.cl/uploads/guia_firmada/recepcion_TBL-050226-0394_1770393820.pdf', 'https://tabolango.cl/uploads/guia_de_despacho/guia_TBL-050226-0394_1770378660.pdf', 'https://tabolango.cl/uploads/evidencia_entrega/ev_TBL-050226-0394_1770393820.jpg', -32.94161490, -71.52143390, -32.92883180, -71.51413590, NULL, '10', '2026-02-05 22:45:02', 'Sofia Andonaegui', '2026-02-10 17:56:22', NULL, NULL, 0),
(487, 'TBL-050226-0394', '2026-02-06 01:45:02', 'Sofia Andonaegui', 'Pizzería El Templo', 21, 'Tomate', 2.00, 11305.00, 11305.00, 22610.00, 18488.00, 4122.00, 'Entregado', '2026-02-06', 'Quintay 8kg de champiñón 2da, 7kg palta primera \"como para la semana\" 1 caja tomate  | Recibido por: Carlos miranda (9.877.822-5)', 'b42a4f3931d23f76887f003b77e9f200', '2026-02-10 20:56:22', NULL, '214', '124', NULL, 'https://tabolango.cl/uploads/facturas_xml/fact_TBL-050226-0394_1770404962.xml', 'https://tabolango.cl/uploads/guia_firmada/recepcion_TBL-050226-0394_1770393820.pdf', 'https://tabolango.cl/uploads/guia_de_despacho/guia_TBL-050226-0394_1770378660.pdf', 'https://tabolango.cl/uploads/evidencia_entrega/ev_TBL-050226-0394_1770393820.jpg', -32.94161490, -71.52143390, -32.92883180, -71.51413590, NULL, '8', '2026-02-05 22:45:02', 'Sofia Andonaegui', '2026-02-10 17:56:22', NULL, NULL, 0),
(488, 'TBL-050226-0394', '2026-02-06 01:45:02', 'Sofia Andonaegui', 'Pizzería El Templo', 21, 'Champiñón', 14.00, 3600.00, 3600.00, 50400.00, 41174.00, 9226.00, 'Entregado', '2026-02-06', 'Quintay 8kg de champiñón 2da, 7kg palta primera \"como para la semana\" 1 caja tomate  | Recibido por: Carlos miranda (9.877.822-5)', 'b42a4f3931d23f76887f003b77e9f200', '2026-02-10 20:56:22', NULL, '214', '124', NULL, 'https://tabolango.cl/uploads/facturas_xml/fact_TBL-050226-0394_1770404962.xml', 'https://tabolango.cl/uploads/guia_firmada/recepcion_TBL-050226-0394_1770393820.pdf', 'https://tabolango.cl/uploads/guia_de_despacho/guia_TBL-050226-0394_1770378660.pdf', 'https://tabolango.cl/uploads/evidencia_entrega/ev_TBL-050226-0394_1770393820.jpg', -32.94161490, -71.52143390, -32.92883180, -71.51413590, NULL, '9', '2026-02-05 22:45:02', 'Sofia Andonaegui', '2026-02-10 17:56:22', NULL, NULL, 0),
(489, 'TBL-050226-0394', '2026-02-06 01:45:02', 'Sofia Andonaegui', 'Pizzería El Templo', 21, 'Lechuga', 1.00, 4800.00, 4800.00, 4800.00, 1800.00, 3000.00, 'Entregado', '2026-02-06', 'Quintay 8kg de champiñón 2da, 7kg palta primera \"como para la semana\" 1 caja tomate  | Recibido por: Carlos miranda (9.877.822-5)', 'b42a4f3931d23f76887f003b77e9f200', '2026-02-10 20:56:22', NULL, '214', '124', NULL, 'https://tabolango.cl/uploads/facturas_xml/fact_TBL-050226-0394_1770404962.xml', 'https://tabolango.cl/uploads/guia_firmada/recepcion_TBL-050226-0394_1770393820.pdf', 'https://tabolango.cl/uploads/guia_de_despacho/guia_TBL-050226-0394_1770378660.pdf', 'https://tabolango.cl/uploads/evidencia_entrega/ev_TBL-050226-0394_1770393820.jpg', -32.94161490, -71.52143390, -32.92883180, -71.51413590, NULL, '11', '2026-02-05 22:45:02', 'Sofia Andonaegui', '2026-02-10 17:56:22', NULL, NULL, 0),
(490, 'TBL-060226-0490', '2026-02-06 12:57:03', 'Sofia Andonaegui', 'Cevichotes Restaurant', 44, 'Palta Hass', 10.00, 2800.00, 2400.00, 28000.00, 24000.00, 4000.00, 'Entregado', '2026-02-06', ' | Recibido por: Matías campusano (19.720.528-8)', '32204d722d5e8b38599afa462689cb8d', '2026-02-10 20:56:22', NULL, '225', NULL, NULL, 'https://tabolango.cl/uploads/facturas_xml/fact_TBL-060226-0490_1770405099.xml', NULL, NULL, 'https://tabolango.cl/uploads/evidencia_entrega/ev_TBL-060226-0490_1770395483.jpg', -32.97180960, -71.54209990, -32.97054920, -71.54442340, NULL, '10', NULL, NULL, '2026-02-10 17:56:22', NULL, NULL, 0),
(570, 'TBL-070226-0491', '2026-02-07 12:47:48', 'Sofia Andonaegui', 'Dominó', 2, 'Tomate', 196.00, 11050.00, 10084.00, 2165800.00, 1976464.00, 189336.00, 'Entregado', '2026-02-10', ' | Recibido por: Luis Sepulveda (1-9)', '7d84a203cb20a40cc9387050e03e38de', '2026-02-10 23:04:53', NULL, '228', '127', NULL, 'https://tabolango.cl/uploads/facturas_xml/fact_TBL-070226-0491_1770763985.xml', 'https://tabolango.cl/uploads/guia_firmada/recepcion_TBL-070226-0491_1770736179.pdf', 'https://tabolango.cl/uploads/guia_de_despacho/guia_TBL-070226-0491_1770723390.pdf', 'https://tabolango.cl/uploads/evidencia_entrega/ev_TBL-070226-0491_1770736178.jpg', -33.42722650, -70.64987340, -33.43446492, -70.61271139, NULL, '3', NULL, NULL, '2026-02-10 20:04:46', NULL, NULL, 0),
(575, 'TBL-090226-0575', '2026-02-09 12:53:07', 'Sofia Andonaegui', 'Wok AND roll', 38, 'Palta Hass', 10.00, 2800.00, 2400.00, 28000.00, 24000.00, 4000.00, 'Entregado', '2026-02-10', 'Paltas mas firmes (para Sushi) | Recibido por: Carlos gonzalez (16.502.282-3)', 'f495afa6fd1a16cfe86c86c9b8426c9f', '2026-02-10 23:58:49', NULL, '230', '134', NULL, 'https://tabolango.cl/uploads/facturas_xml/fact_TBL-090226-0575_1770764033.xml', 'https://tabolango.cl/uploads/guia_firmada/recepcion_TBL-090226-0575_1770742911.pdf', 'https://tabolango.cl/uploads/guia_de_despacho/guia_TBL-090226-0575_1770725496.pdf', 'https://tabolango.cl/uploads/evidencia_entrega/ev_TBL-090226-0575_1770742910.jpg', -33.01809942, -71.55353714, -33.03293565, -71.52707755, NULL, '10', NULL, NULL, '2026-02-10 20:58:49', NULL, NULL, 0),
(576, 'TBL-090226-0575', '2026-02-09 12:53:07', 'Sofia Andonaegui', 'Wok AND roll', 38, 'Lechuga', 2.00, 4500.00, 2000.00, 9000.00, 4000.00, 5000.00, 'Entregado', '2026-02-10', 'Paltas mas firmes (para Sushi) | Recibido por: Carlos gonzalez (16.502.282-3)', 'f495afa6fd1a16cfe86c86c9b8426c9f', '2026-02-10 23:58:49', NULL, '230', '134', NULL, 'https://tabolango.cl/uploads/facturas_xml/fact_TBL-090226-0575_1770764033.xml', 'https://tabolango.cl/uploads/guia_firmada/recepcion_TBL-090226-0575_1770742911.pdf', 'https://tabolango.cl/uploads/guia_de_despacho/guia_TBL-090226-0575_1770725496.pdf', 'https://tabolango.cl/uploads/evidencia_entrega/ev_TBL-090226-0575_1770742910.jpg', -33.01809942, -71.55353714, -33.03293565, -71.52707755, NULL, '12', NULL, NULL, '2026-02-10 20:58:49', NULL, NULL, 0),
(577, 'TBL-090226-0575', '2026-02-09 12:53:07', 'Sofia Andonaegui', 'Wok AND roll', 38, 'Lechuga', 1.00, 4500.00, 2000.00, 4500.00, 2000.00, 2500.00, 'Entregado', '2026-02-10', 'Paltas mas firmes (para Sushi) | Recibido por: Carlos gonzalez (16.502.282-3)', 'f495afa6fd1a16cfe86c86c9b8426c9f', '2026-02-10 23:58:49', NULL, '230', '134', NULL, 'https://tabolango.cl/uploads/facturas_xml/fact_TBL-090226-0575_1770764033.xml', 'https://tabolango.cl/uploads/guia_firmada/recepcion_TBL-090226-0575_1770742911.pdf', 'https://tabolango.cl/uploads/guia_de_despacho/guia_TBL-090226-0575_1770725496.pdf', 'https://tabolango.cl/uploads/evidencia_entrega/ev_TBL-090226-0575_1770742910.jpg', -33.01809942, -71.55353714, -33.03293565, -71.52707755, NULL, '13', NULL, NULL, '2026-02-10 20:58:49', NULL, NULL, 0),
(578, 'TBL-090226-0578', '2026-02-09 12:54:51', 'Sofia Andonaegui', 'La Ruka', 52, 'Palta Hass', 4.00, 2800.00, 2400.00, 11200.00, 9600.00, 1600.00, 'Entregado', '2026-02-10', 'Palta Firme | Recibido por: Mila one barreto (23.150.923-3)', 'b9f971711d36532b10e1a9098f4e5d42', '2026-02-10 23:58:48', NULL, '232', '135', NULL, 'https://tabolango.cl/uploads/facturas_xml/fact_TBL-090226-0578_1770764064.xml', 'https://tabolango.cl/uploads/guia_firmada/recepcion_TBL-090226-0578_1770749694.pdf', 'https://tabolango.cl/uploads/guia_de_despacho/guia_TBL-090226-0578_1770726054.pdf', 'https://tabolango.cl/uploads/evidencia_entrega/ev_TBL-090226-0578_1770749694.jpg', -32.92788798, -71.42607724, -32.92788773, -71.42607727, NULL, '10', NULL, NULL, '2026-02-10 20:58:48', NULL, NULL, 0),
(579, 'TBL-090226-0578', '2026-02-09 12:54:51', 'Sofia Andonaegui', 'La Ruka', 52, 'Champiñón', 3.00, 3600.00, 2773.00, 10800.00, 8319.00, 2481.00, 'Entregado', '2026-02-10', 'Palta Firme | Recibido por: Mila one barreto (23.150.923-3)', 'b9f971711d36532b10e1a9098f4e5d42', '2026-02-10 23:58:48', NULL, '232', '135', NULL, 'https://tabolango.cl/uploads/facturas_xml/fact_TBL-090226-0578_1770764064.xml', 'https://tabolango.cl/uploads/guia_firmada/recepcion_TBL-090226-0578_1770749694.pdf', 'https://tabolango.cl/uploads/guia_de_despacho/guia_TBL-090226-0578_1770726054.pdf', 'https://tabolango.cl/uploads/evidencia_entrega/ev_TBL-090226-0578_1770749694.jpg', -32.92788798, -71.42607724, -32.92788773, -71.42607727, NULL, '9', NULL, NULL, '2026-02-10 20:58:48', NULL, NULL, 0),
(580, 'TBL-090226-0580', '2026-02-09 13:59:33', 'Sofia Andonaegui', 'Swiss Café', 42, 'Palta Hass', 10.00, 2800.00, 2400.00, 28000.00, 24000.00, 4000.00, 'Entregado', '2026-02-10', ' | Recibido por: Roció negrete (13.271.483-5)', 'ae3ebd12d0a5245c23e659eff5a68eda', '2026-02-10 23:58:47', NULL, '234', '136', NULL, 'https://tabolango.cl/uploads/facturas_xml/fact_TBL-090226-0580_1770764087.xml', 'https://tabolango.cl/uploads/guia_firmada/recepcion_TBL-090226-0580_1770737072.pdf', 'https://tabolango.cl/uploads/guia_de_despacho/guia_TBL-090226-0580_1770726548.pdf', 'https://tabolango.cl/uploads/evidencia_entrega/ev_TBL-090226-0580_1770737072.jpg', -32.97133364, -71.53756620, -32.97122039, -71.53748339, NULL, '10', NULL, NULL, '2026-02-10 20:58:47', NULL, NULL, 0),
(581, 'TBL-090226-0581', '2026-02-09 14:02:47', 'Sofia Andonaegui', 'Castillo Del Mar', 48, 'Tomate', 1.00, 12410.00, 10084.00, 12410.00, 10084.00, 2326.00, 'Entregado', '2026-02-10', ' | Recibido por: Karina solis (18.402.718-6)', 'd8b2a0598920e08880db3e728af561d9', '2026-02-10 23:58:46', NULL, '235', '133', NULL, 'https://tabolango.cl/uploads/facturas_xml/fact_TBL-090226-0581_1770764169.xml', 'https://tabolango.cl/uploads/guia_firmada/recepcion_TBL-090226-0581_1770738490.pdf', 'https://tabolango.cl/uploads/guia_de_despacho/guia_TBL-090226-0581_1770724829.pdf', 'https://tabolango.cl/uploads/evidencia_entrega/ev_TBL-090226-0581_1770738489.jpg', -33.02066871, -71.56541977, -32.94209153, -71.52308323, NULL, '3', NULL, NULL, '2026-02-10 20:58:46', NULL, NULL, 0),
(582, 'TBL-090226-0581', '2026-02-09 14:02:47', 'Sofia Andonaegui', 'Castillo Del Mar', 48, 'Palta Hass', 10.00, 2800.00, 2400.00, 28000.00, 24000.00, 4000.00, 'Entregado', '2026-02-10', ' | Recibido por: Karina solis (18.402.718-6)', 'd8b2a0598920e08880db3e728af561d9', '2026-02-10 23:58:46', NULL, '235', '133', NULL, 'https://tabolango.cl/uploads/facturas_xml/fact_TBL-090226-0581_1770764169.xml', 'https://tabolango.cl/uploads/guia_firmada/recepcion_TBL-090226-0581_1770738490.pdf', 'https://tabolango.cl/uploads/guia_de_despacho/guia_TBL-090226-0581_1770724829.pdf', 'https://tabolango.cl/uploads/evidencia_entrega/ev_TBL-090226-0581_1770738489.jpg', -33.02066871, -71.56541977, -32.94209153, -71.52308323, NULL, '10', NULL, NULL, '2026-02-10 20:58:46', NULL, NULL, 0),
(583, 'TBL-090226-0581', '2026-02-09 14:02:47', 'Sofia Andonaegui', 'Castillo Del Mar', 48, 'Champiñón', 15.00, 5800.00, 5168.00, 87000.00, 77520.00, 9480.00, 'Entregado', '2026-02-10', ' | Recibido por: Karina solis (18.402.718-6)', 'd8b2a0598920e08880db3e728af561d9', '2026-02-10 23:58:46', NULL, '235', '133', NULL, 'https://tabolango.cl/uploads/facturas_xml/fact_TBL-090226-0581_1770764169.xml', 'https://tabolango.cl/uploads/guia_firmada/recepcion_TBL-090226-0581_1770738490.pdf', 'https://tabolango.cl/uploads/guia_de_despacho/guia_TBL-090226-0581_1770724829.pdf', 'https://tabolango.cl/uploads/evidencia_entrega/ev_TBL-090226-0581_1770738489.jpg', -33.02066871, -71.56541977, -32.94209153, -71.52308323, NULL, '7', NULL, NULL, '2026-02-10 20:58:46', NULL, NULL, 0),
(584, 'TBL-090226-0584', '2026-02-09 14:04:22', 'Sofia Andonaegui', 'Pits Burger', 39, 'Tomate', 1.00, 11305.00, 9244.00, 11305.00, 9244.00, 2061.00, 'Entregado', '2026-02-10', ' | Recibido por: Enriqueta villanueva (26.131.004-K)', '970e607fb491073a0b870f632a2325a9', '2026-02-10 23:58:45', NULL, '237', '137', NULL, 'https://tabolango.cl/uploads/facturas_xml/fact_TBL-090226-0584_1770764209.xml', 'https://tabolango.cl/uploads/guia_firmada/recepcion_TBL-090226-0584_1770748435.pdf', 'https://tabolango.cl/uploads/guia_de_despacho/guia_TBL-090226-0584_1770726712.pdf', 'https://tabolango.cl/uploads/evidencia_entrega/ev_TBL-090226-0584_1770748435.jpg', -32.91969999, -71.51989313, -32.92004043, -71.51995911, NULL, '8', NULL, NULL, '2026-02-10 20:58:45', NULL, NULL, 0),
(585, 'TBL-090226-0584', '2026-02-09 14:04:22', 'Sofia Andonaegui', 'Pits Burger', 39, 'Palta Hass', 6.00, 2800.00, 2400.00, 16800.00, 14400.00, 2400.00, 'Entregado', '2026-02-10', ' | Recibido por: Enriqueta villanueva (26.131.004-K)', '970e607fb491073a0b870f632a2325a9', '2026-02-10 23:58:45', NULL, '237', '137', NULL, 'https://tabolango.cl/uploads/facturas_xml/fact_TBL-090226-0584_1770764209.xml', 'https://tabolango.cl/uploads/guia_firmada/recepcion_TBL-090226-0584_1770748435.pdf', 'https://tabolango.cl/uploads/guia_de_despacho/guia_TBL-090226-0584_1770726712.pdf', 'https://tabolango.cl/uploads/evidencia_entrega/ev_TBL-090226-0584_1770748435.jpg', -32.91969999, -71.51989313, -32.92004043, -71.51995911, NULL, '10', NULL, NULL, '2026-02-10 20:58:45', NULL, NULL, 0),
(587, 'TBL-090226-0587', '2026-02-09 15:30:48', 'Sofia Andonaegui', 'La Flor de Chile', 25, 'Palta Hass', 20.00, 2800.00, 2400.00, 56000.00, 48000.00, 8000.00, 'Entregado', '2026-02-10', ' | Recibido por: Cristian Vera (13.332.880-7)', '2cd507419fbc4725f91e9735db0bb6b8', '2026-02-10 23:58:43', NULL, '238', '138', NULL, 'https://tabolango.cl/uploads/facturas_xml/fact_TBL-090226-0587_1770764245.xml', 'https://tabolango.cl/uploads/guia_firmada/recepcion_TBL-090226-0587_1770743527.pdf', 'https://tabolango.cl/uploads/guia_de_despacho/guia_TBL-090226-0587_1770726816.pdf', 'https://tabolango.cl/uploads/evidencia_entrega/ev_TBL-090226-0587_1770743527.jpg', -33.01495560, -71.55127158, -33.01591298, -71.55361160, NULL, '10', NULL, NULL, '2026-02-10 20:58:43', NULL, NULL, 0),
(588, 'TBL-090226-0587', '2026-02-09 15:30:48', 'Sofia Andonaegui', 'La Flor de Chile', 25, 'Tomate', 1.00, 12410.00, 10084.00, 12410.00, 10084.00, 2326.00, 'Entregado', '2026-02-10', ' | Recibido por: Cristian Vera (13.332.880-7)', '2cd507419fbc4725f91e9735db0bb6b8', '2026-02-10 23:58:43', NULL, '238', '138', NULL, 'https://tabolango.cl/uploads/facturas_xml/fact_TBL-090226-0587_1770764245.xml', 'https://tabolango.cl/uploads/guia_firmada/recepcion_TBL-090226-0587_1770743527.pdf', 'https://tabolango.cl/uploads/guia_de_despacho/guia_TBL-090226-0587_1770726816.pdf', 'https://tabolango.cl/uploads/evidencia_entrega/ev_TBL-090226-0587_1770743527.jpg', -33.01495560, -71.55127158, -33.01591298, -71.55361160, NULL, '3', NULL, NULL, '2026-02-10 20:58:43', NULL, NULL, 0),
(589, 'TBL-090226-0589', '2026-02-09 16:53:42', 'Sofia Andonaegui', 'Cevichotes Restaurant', 44, 'Palta Hass', 10.00, 2800.00, 2400.00, 28000.00, 24000.00, 4000.00, 'Entregado', '2026-02-10', 'Paltas mas maduras | Recibido por: Matías campusano (19.720.528-8)', '465d778e3be977debf43ebb4834cbbed', '2026-02-10 23:58:42', NULL, '240', '139', NULL, 'https://tabolango.cl/uploads/facturas_xml/fact_TBL-090226-0589_1770764272.xml', 'https://tabolango.cl/uploads/guia_firmada/recepcion_TBL-090226-0589_1770746852.pdf', 'https://tabolango.cl/uploads/guia_de_despacho/guia_TBL-090226-0589_1770726878.pdf', 'https://tabolango.cl/uploads/evidencia_entrega/ev_TBL-090226-0589_1770746851.jpg', -32.97168999, -71.54244209, -32.97073008, -71.54428111, NULL, '10', NULL, NULL, '2026-02-10 20:58:42', NULL, NULL, 0),
(593, 'TBL-090226-0593', '2026-02-09 17:35:34', 'Sofia Andonaegui', 'Pizzería El Templo - Quintay', 58, 'Tomate', 1.00, 11305.00, 9244.00, 11305.00, 9244.00, 2061.00, 'Entregado', '2026-02-10', ' | Recibido por: Carlos Miranda (9.877.822-5)', 'b7f3d983706a1bb5df506a2ae424f1e3', '2026-02-10 23:58:40', NULL, '243', '131', NULL, 'https://tabolango.cl/uploads/facturas_xml/fact_TBL-090226-0593_1770764509.xml', 'https://tabolango.cl/uploads/guia_firmada/recepcion_TBL-090226-0593_1770740642.pdf', 'https://tabolango.cl/uploads/guia_de_despacho/guia_TBL-090226-0593_1770724053.pdf', 'https://tabolango.cl/uploads/evidencia_entrega/ev_TBL-090226-0593_1770740642.jpg', -33.03380271, -71.52640497, -33.02444805, -71.55996105, NULL, '8', NULL, NULL, '2026-02-10 20:58:40', NULL, NULL, 0),
(594, 'TBL-090226-0593', '2026-02-09 17:35:34', 'Sofia Andonaegui', 'Pizzería El Templo - Quintay', 58, 'Palta Hass', 10.00, 2800.00, 2400.00, 28000.00, 24000.00, 4000.00, 'Entregado', '2026-02-10', ' | Recibido por: Carlos Miranda (9.877.822-5)', 'b7f3d983706a1bb5df506a2ae424f1e3', '2026-02-10 23:58:40', NULL, '243', '131', NULL, 'https://tabolango.cl/uploads/facturas_xml/fact_TBL-090226-0593_1770764509.xml', 'https://tabolango.cl/uploads/guia_firmada/recepcion_TBL-090226-0593_1770740642.pdf', 'https://tabolango.cl/uploads/guia_de_despacho/guia_TBL-090226-0593_1770724053.pdf', 'https://tabolango.cl/uploads/evidencia_entrega/ev_TBL-090226-0593_1770740642.jpg', -33.03380271, -71.52640497, -33.02444805, -71.55996105, NULL, '10', NULL, NULL, '2026-02-10 20:58:40', NULL, NULL, 0),
(595, 'TBL-090226-0593', '2026-02-09 17:35:34', 'Sofia Andonaegui', 'Pizzería El Templo - Quintay', 58, 'Champiñón', 8.00, 3600.00, 2773.00, 28800.00, 22184.00, 6616.00, 'Entregado', '2026-02-10', ' | Recibido por: Carlos Miranda (9.877.822-5)', 'b7f3d983706a1bb5df506a2ae424f1e3', '2026-02-10 23:58:40', NULL, '243', '131', NULL, 'https://tabolango.cl/uploads/facturas_xml/fact_TBL-090226-0593_1770764509.xml', 'https://tabolango.cl/uploads/guia_firmada/recepcion_TBL-090226-0593_1770740642.pdf', 'https://tabolango.cl/uploads/guia_de_despacho/guia_TBL-090226-0593_1770724053.pdf', 'https://tabolango.cl/uploads/evidencia_entrega/ev_TBL-090226-0593_1770740642.jpg', -33.03380271, -71.52640497, -33.02444805, -71.55996105, NULL, '9', NULL, NULL, '2026-02-10 20:58:40', NULL, NULL, 0),
(596, 'TBL-090226-0596', '2026-02-09 20:07:22', 'Sofia Andonaegui', 'Nitan Gourmet', 33, 'Lechuga', 1.00, 4500.00, 2000.00, 4500.00, 2000.00, 2500.00, 'Entregado', '2026-02-10', ' | Recibido por: Macarena Saavedra (77.015.783-8)', '8873736130ca68eaf4348f201eeb563e', '2026-02-10 23:58:39', NULL, '244', '128', NULL, 'https://tabolango.cl/uploads/facturas_xml/fact_TBL-090226-0596_1770764545.xml', 'https://tabolango.cl/uploads/guia_firmada/recepcion_TBL-090226-0596_1770742111.pdf', 'https://tabolango.cl/uploads/guia_de_despacho/guia_TBL-090226-0596_1770723523.pdf', 'https://tabolango.cl/uploads/evidencia_entrega/ev_TBL-090226-0596_1770742111.jpg', -33.01784145, -71.54831821, -33.01657486, -71.54845324, NULL, '13', NULL, NULL, '2026-02-10 20:58:39', NULL, NULL, 0),
(597, 'TBL-090226-0596', '2026-02-09 20:07:22', 'Sofia Andonaegui', 'Nitan Gourmet', 33, 'Palta Hass', 2.00, 2800.00, 2400.00, 5600.00, 4800.00, 800.00, 'Entregado', '2026-02-10', ' | Recibido por: Macarena Saavedra (77.015.783-8)', '8873736130ca68eaf4348f201eeb563e', '2026-02-10 23:58:39', NULL, '244', '128', NULL, 'https://tabolango.cl/uploads/facturas_xml/fact_TBL-090226-0596_1770764545.xml', 'https://tabolango.cl/uploads/guia_firmada/recepcion_TBL-090226-0596_1770742111.pdf', 'https://tabolango.cl/uploads/guia_de_despacho/guia_TBL-090226-0596_1770723523.pdf', 'https://tabolango.cl/uploads/evidencia_entrega/ev_TBL-090226-0596_1770742111.jpg', -33.01784145, -71.54831821, -33.01657486, -71.54845324, NULL, '10', NULL, NULL, '2026-02-10 20:58:39', NULL, NULL, 0),
(598, 'TBL-090226-0598', '2026-02-09 21:59:55', 'Sofia Andonaegui', 'Pecado del Inka - Ecuador', 30, 'Tomate', 2.00, 12410.00, 10084.00, 24820.00, 20168.00, 4652.00, 'Entregado', '2026-02-10', ' | Recibido por: Angela dolores (23.213.586-7)', '94639efaf4ae9b6f90ea9435843416f0', '2026-02-10 23:58:38', NULL, '245', '142', NULL, 'https://tabolango.cl/uploads/facturas_xml/fact_TBL-090226-0598_1770764567.xml', 'https://tabolango.cl/uploads/guia_firmada/recepcion_TBL-090226-0598_1770739311.pdf', 'https://tabolango.cl/uploads/guia_de_despacho/guia_TBL-090226-0598_1770736737.pdf', 'https://tabolango.cl/uploads/evidencia_entrega/ev_TBL-090226-0598_1770739310.jpg', -33.02489666, -71.56008493, -33.02083272, -71.56121823, NULL, '3', NULL, NULL, '2026-02-10 20:58:38', NULL, NULL, 0),
(599, 'TBL-090226-0598', '2026-02-09 21:59:55', 'Sofia Andonaegui', 'Pecado del Inka - Ecuador', 30, 'Lechuga', 1.00, 7660.00, 5500.00, 7660.00, 5500.00, 2160.00, 'Entregado', '2026-02-10', ' | Recibido por: Angela dolores (23.213.586-7)', '94639efaf4ae9b6f90ea9435843416f0', '2026-02-10 23:58:38', NULL, '245', '142', NULL, 'https://tabolango.cl/uploads/facturas_xml/fact_TBL-090226-0598_1770764567.xml', 'https://tabolango.cl/uploads/guia_firmada/recepcion_TBL-090226-0598_1770739311.pdf', 'https://tabolango.cl/uploads/guia_de_despacho/guia_TBL-090226-0598_1770736737.pdf', 'https://tabolango.cl/uploads/evidencia_entrega/ev_TBL-090226-0598_1770739310.jpg', -33.02489666, -71.56008493, -33.02083272, -71.56121823, NULL, '14', NULL, NULL, '2026-02-10 20:58:38', NULL, NULL, 0),
(600, 'TBL-090226-0600', '2026-02-09 22:00:54', 'Sofia Andonaegui', 'Central Inka', 31, 'Tomate', 2.00, 12410.00, 10084.00, 24820.00, 20168.00, 4652.00, 'Entregado', '2026-02-10', ' | Recibido por: Lissette ayala (28.671.339-4)', '5b2893804ac0a85cca0ad4b29ee525da', '2026-02-10 23:58:37', NULL, '247', '141', NULL, 'https://tabolango.cl/uploads/facturas_xml/fact_TBL-090226-0600_1770764599.xml', 'https://tabolango.cl/uploads/guia_firmada/recepcion_TBL-090226-0600_1770744613.pdf', 'https://tabolango.cl/uploads/guia_de_despacho/guia_TBL-090226-0600_1770736633.pdf', 'https://tabolango.cl/uploads/evidencia_entrega/ev_TBL-090226-0600_1770744613.jpg', -33.01084896, -71.54768329, -33.01120149, -71.54343424, NULL, '3', NULL, NULL, '2026-02-10 20:58:37', NULL, NULL, 0),
(601, 'TBL-090226-0600', '2026-02-09 22:00:54', 'Sofia Andonaegui', 'Central Inka', 31, 'Lechuga', 1.00, 7660.00, 5500.00, 7660.00, 5500.00, 2160.00, 'Entregado', '2026-02-10', ' | Recibido por: Lissette ayala (28.671.339-4)', '5b2893804ac0a85cca0ad4b29ee525da', '2026-02-10 23:58:37', NULL, '247', '141', NULL, 'https://tabolango.cl/uploads/facturas_xml/fact_TBL-090226-0600_1770764599.xml', 'https://tabolango.cl/uploads/guia_firmada/recepcion_TBL-090226-0600_1770744613.pdf', 'https://tabolango.cl/uploads/guia_de_despacho/guia_TBL-090226-0600_1770736633.pdf', 'https://tabolango.cl/uploads/evidencia_entrega/ev_TBL-090226-0600_1770744613.jpg', -33.01084896, -71.54768329, -33.01120149, -71.54343424, NULL, '14', NULL, NULL, '2026-02-10 20:58:37', NULL, NULL, 0),
(602, 'TBL-090226-0602', '2026-02-09 22:01:38', 'Sofia Andonaegui', 'Pecado del Inka - 12 Norte', 23, 'Tomate', 3.00, 12410.00, 10084.00, 37230.00, 30252.00, 6978.00, 'Entregado', '2026-02-10', ' | Recibido por: Daen ortiz (26.331.060-8)', '3a6147d5d5af131886c5ed0f61a62307', '2026-02-10 23:58:37', NULL, '249', '129', NULL, 'https://tabolango.cl/uploads/facturas_xml/fact_TBL-090226-0602_1770764617.xml', 'https://tabolango.cl/uploads/guia_firmada/recepcion_TBL-090226-0602_1770744099.pdf', 'https://tabolango.cl/uploads/guia_de_despacho/guia_TBL-090226-0602_1770723683.pdf', 'https://tabolango.cl/uploads/evidencia_entrega/ev_TBL-090226-0602_1770744098.jpg', -33.01129095, -71.54340047, -33.01464478, -71.55122901, NULL, '3', NULL, NULL, '2026-02-10 20:58:37', NULL, NULL, 0),
(603, 'TBL-090226-0603', '2026-02-09 22:02:52', 'Sofia Andonaegui', 'Kosta Brava', 32, 'Tomate', 4.00, 12410.00, 10084.00, 49640.00, 40336.00, 9304.00, 'Entregado', '2026-02-10', ' | Recibido por: Rosa Dionicios (25.421.230-K)', '628a4c5563d253ba094266a65958e282', '2026-02-10 23:58:36', NULL, '250', '140', NULL, 'https://tabolango.cl/uploads/facturas_xml/fact_TBL-090226-0603_1770764628.xml', 'https://tabolango.cl/uploads/guia_firmada/recepcion_TBL-090226-0603_1770746447.pdf', 'https://tabolango.cl/uploads/guia_de_despacho/guia_TBL-090226-0603_1770736533.pdf', 'https://tabolango.cl/uploads/evidencia_entrega/ev_TBL-090226-0603_1770746446.jpg', -32.97057860, -71.54457434, -33.01124980, -71.54734055, NULL, '3', NULL, NULL, '2026-02-10 20:58:36', NULL, NULL, 0),
(604, 'TBL-090226-0603', '2026-02-09 22:02:52', 'Sofia Andonaegui', 'Kosta Brava', 32, 'Lechuga', 1.00, 7660.00, 5500.00, 7660.00, 5500.00, 2160.00, 'Entregado', '2026-02-10', ' | Recibido por: Rosa Dionicios (25.421.230-K)', '628a4c5563d253ba094266a65958e282', '2026-02-10 23:58:36', NULL, '250', '140', NULL, 'https://tabolango.cl/uploads/facturas_xml/fact_TBL-090226-0603_1770764628.xml', 'https://tabolango.cl/uploads/guia_firmada/recepcion_TBL-090226-0603_1770746447.pdf', 'https://tabolango.cl/uploads/guia_de_despacho/guia_TBL-090226-0603_1770736533.pdf', 'https://tabolango.cl/uploads/evidencia_entrega/ev_TBL-090226-0603_1770746446.jpg', -32.97057860, -71.54457434, -33.01124980, -71.54734055, NULL, '14', NULL, NULL, '2026-02-10 20:58:36', NULL, NULL, 0),
(609, 'TBL-090226-0590', '2026-02-09 22:25:53', 'Sofia Andonaegui', 'Pizzería El Templo - Concon', 21, 'Tomate', 1.00, 11305.00, 11305.00, 11305.00, 9244.00, 2061.00, 'Entregado', '2026-02-10', ' | Recibido por: Angel sota (28.717.824-7)', '3dd66fb2d8825cb017f650ada106a49f', '2026-02-10 23:58:41', NULL, '241', '130', NULL, 'https://tabolango.cl/uploads/facturas_xml/fact_TBL-090226-0590_1770764489.xml', 'https://tabolango.cl/uploads/guia_firmada/recepcion_TBL-090226-0590_1770736286.pdf', 'https://tabolango.cl/uploads/guia_de_despacho/guia_TBL-090226-0590_1770723916.pdf', 'https://tabolango.cl/uploads/evidencia_entrega/ev_TBL-090226-0590_1770736286.jpg', -32.94173936, -71.52114471, -32.90817257, -71.49397686, NULL, '8', '2026-02-09 19:25:53', 'Sofia Andonaegui', '2026-02-10 20:58:41', NULL, NULL, 0),
(610, 'TBL-090226-0590', '2026-02-09 22:25:53', 'Sofia Andonaegui', 'Pizzería El Templo - Concon', 21, 'Champiñón', 8.00, 3600.00, 3600.00, 28800.00, 22184.00, 6616.00, 'Entregado', '2026-02-10', ' | Recibido por: Angel sota (28.717.824-7)', '3dd66fb2d8825cb017f650ada106a49f', '2026-02-10 23:58:41', NULL, '241', '130', NULL, 'https://tabolango.cl/uploads/facturas_xml/fact_TBL-090226-0590_1770764489.xml', 'https://tabolango.cl/uploads/guia_firmada/recepcion_TBL-090226-0590_1770736286.pdf', 'https://tabolango.cl/uploads/guia_de_despacho/guia_TBL-090226-0590_1770723916.pdf', 'https://tabolango.cl/uploads/evidencia_entrega/ev_TBL-090226-0590_1770736286.jpg', -32.94173936, -71.52114471, -32.90817257, -71.49397686, NULL, '9', '2026-02-09 19:25:53', 'Sofia Andonaegui', '2026-02-10 20:58:41', NULL, NULL, 0),
(611, 'TBL-090226-0590', '2026-02-09 22:25:53', 'Sofia Andonaegui', 'Pizzería El Templo - Concon', 21, 'Palta Hass', 8.00, 2800.00, 2800.00, 22400.00, 19200.00, 3200.00, 'Entregado', '2026-02-10', ' | Recibido por: Angel sota (28.717.824-7)', '3dd66fb2d8825cb017f650ada106a49f', '2026-02-10 23:58:41', NULL, '241', '130', NULL, 'https://tabolango.cl/uploads/facturas_xml/fact_TBL-090226-0590_1770764489.xml', 'https://tabolango.cl/uploads/guia_firmada/recepcion_TBL-090226-0590_1770736286.pdf', 'https://tabolango.cl/uploads/guia_de_despacho/guia_TBL-090226-0590_1770723916.pdf', 'https://tabolango.cl/uploads/evidencia_entrega/ev_TBL-090226-0590_1770736286.jpg', -32.94173936, -71.52114471, -32.90817257, -71.49397686, NULL, '10', '2026-02-09 19:25:53', 'Sofia Andonaegui', '2026-02-10 20:58:41', NULL, NULL, 0),
(612, 'TBL-090226-0590', '2026-02-09 22:25:53', 'Sofia Andonaegui', 'Pizzería El Templo - Concon', 21, 'Lechuga', 1.00, 4800.00, 4800.00, 4800.00, 1800.00, 3000.00, 'Entregado', '2026-02-10', ' | Recibido por: Angel sota (28.717.824-7)', '3dd66fb2d8825cb017f650ada106a49f', '2026-02-10 23:58:41', NULL, '241', '130', NULL, 'https://tabolango.cl/uploads/facturas_xml/fact_TBL-090226-0590_1770764489.xml', 'https://tabolango.cl/uploads/guia_firmada/recepcion_TBL-090226-0590_1770736286.pdf', 'https://tabolango.cl/uploads/guia_de_despacho/guia_TBL-090226-0590_1770723916.pdf', 'https://tabolango.cl/uploads/evidencia_entrega/ev_TBL-090226-0590_1770736286.jpg', -32.94173936, -71.52114471, -32.90817257, -71.49397686, NULL, '11', '2026-02-09 19:25:53', 'Sofia Andonaegui', '2026-02-10 20:58:41', NULL, NULL, 0),
(614, 'TBL-090226-0614', '2026-02-09 23:04:47', 'Sofia Andonaegui', 'La Caleta', 53, 'Palta Hass', 5.00, 3150.00, 2400.00, 15750.00, 12000.00, 3750.00, 'Entregado', '2026-02-11', ' | Recibido por: Evelyn valencia (21.569.226-4)', 'c814a9ea3e6e8d776aecd6f9b11bd089', '2026-02-11 18:54:23', NULL, '254', '143', NULL, 'https://tabolango.cl/uploads/facturas_api/F254_TBL-090226-0614.pdf', 'https://tabolango.cl/uploads/guia_firmada/recepcion_TBL-090226-0614_1770822401.pdf', 'https://tabolango.cl/uploads/guia_de_despacho/guia_TBL-090226-0614_1770818638.pdf', 'https://tabolango.cl/uploads/evidencia_entrega/ev_TBL-090226-0614_1770822401.jpg', -32.64925706, -71.44008321, -32.92522051, -71.37810868, NULL, '10', NULL, NULL, '2026-02-11 13:19:53', NULL, NULL, 0),
(635, 'TBL-090226-0586', '2026-02-10 12:08:39', 'Sofia Andonaegui', 'La Chacra Verdulería', 26, 'Tomate', 1.00, 12410.00, 12410.00, 12410.00, 10084.00, 2326.00, 'Entregado', '2026-02-10', ' | Recibido por: Lorena lagrez (10.032.220-K)', 'ab625a88e10a5eccf078962296dd0cac', '2026-02-10 23:58:44', NULL, '229', '132', NULL, 'https://tabolango.cl/uploads/facturas_xml/fact_TBL-090226-0586_1770764002.xml', 'https://tabolango.cl/uploads/guia_firmada/recepcion_TBL-090226-0586_1770742275.pdf', 'https://tabolango.cl/uploads/guia_de_despacho/guia_TBL-090226-0586_1770724299.pdf', 'https://tabolango.cl/uploads/evidencia_entrega/ev_TBL-090226-0586_1770742274.jpg', -33.01775650, -71.54827234, -33.01774296, -71.54838595, NULL, '3', '2026-02-10 09:08:39', 'Sofia Andonaegui', '2026-02-10 20:58:44', NULL, NULL, 0),
(636, 'TBL-090226-0586', '2026-02-10 12:08:39', 'Sofia Andonaegui', 'La Chacra Verdulería', 26, 'Lechuga', 1.00, 4800.00, 4800.00, 4800.00, 1800.00, 3000.00, 'Entregado', '2026-02-10', ' | Recibido por: Lorena lagrez (10.032.220-K)', 'ab625a88e10a5eccf078962296dd0cac', '2026-02-10 23:58:44', NULL, '229', '132', NULL, 'https://tabolango.cl/uploads/facturas_xml/fact_TBL-090226-0586_1770764002.xml', 'https://tabolango.cl/uploads/guia_firmada/recepcion_TBL-090226-0586_1770742275.pdf', 'https://tabolango.cl/uploads/guia_de_despacho/guia_TBL-090226-0586_1770724299.pdf', 'https://tabolango.cl/uploads/evidencia_entrega/ev_TBL-090226-0586_1770742274.jpg', -33.01775650, -71.54827234, -33.01774296, -71.54838595, NULL, '11', '2026-02-10 09:08:39', 'Sofia Andonaegui', '2026-02-10 20:58:44', NULL, NULL, 0),
(640, 'TBL-100226-0640', '2026-02-10 19:32:09', 'Sofia Andonaegui', 'Bar Tees Costa Cachagua', 49, 'Palta Hass', 15.00, 3150.00, 2400.00, 47250.00, 36000.00, 11250.00, 'Entregado', '2026-02-11', ' | Recibido por: Rodrigo  Ramírez (16.989.335-7)', 'c3c871f07e4e4ff0215fafacbdbdc376', '2026-02-11 19:07:44', NULL, '256', '144', NULL, 'https://tabolango.cl/uploads/facturas_api/F256_TBL-100226-0640.pdf', 'https://tabolango.cl/uploads/guia_firmada/recepcion_TBL-100226-0640_1770824690.pdf', 'https://tabolango.cl/uploads/guia_de_despacho/guia_TBL-100226-0640_1770818804.pdf', 'https://tabolango.cl/uploads/evidencia_entrega/ev_TBL-100226-0640_1770824689.jpg', -32.62478422, -71.42514154, -32.92517607, -71.37808402, NULL, '10', NULL, NULL, '2026-02-11 13:19:51', NULL, NULL, 0);
INSERT INTO `pedidos_activos` (`id_interno`, `id_pedido`, `fecha_creacion`, `creado_por`, `cliente`, `id_interno_cliente`, `producto`, `cantidad`, `precio_unitario`, `costo_unitario`, `total_venta`, `total_costo`, `margen`, `estado`, `fecha_despacho`, `observaciones`, `qr_token`, `fecha_ultima_actualizacion`, `precio_por_kilo`, `numero_factura`, `numero_guia`, `costo_por_kilo`, `url_factura`, `url_factura_firmada`, `url_guia`, `evidencia_entrega`, `lat_entrega`, `lng_entrega`, `lat_preparacion`, `lng_preparacion`, `id_sede_interna`, `id_producto`, `ultima_edicion`, `editado_por`, `whatsapp_enviado`, `observacion_entrega`, `estado_nota_credito`, `numero_nc`) VALUES
(641, 'TBL-100226-0641', '2026-02-10 22:28:58', 'Sofia Andonaegui', 'Dominó', 2, 'Tomate', 196.00, 11050.00, 10084.00, 2165800.00, 1976464.00, 189336.00, 'Entregado', '2026-02-12', ' | Recibido por: Enzo carreño (16.976.408-5)', '6835ceaae4b5a489c46d0294fc9e0b4e', '2026-02-13 11:40:01', NULL, '257', '151', NULL, 'https://tabolango.cl/uploads/facturas_api/F257_TBL-100226-0641.pdf', 'https://tabolango.cl/uploads/guia_firmada/recepcion_TBL-100226-0641_1770911860.pdf', 'https://tabolango.cl/uploads/guia_de_despacho/G151_TBL-100226-0641.pdf', 'https://tabolango.cl/uploads/evidencia_entrega/ev_TBL-100226-0641_1770911859.jpg', -33.42721340, -70.64995074, -33.42726108, -70.64986393, NULL, '3', NULL, NULL, '2026-02-13 08:40:01', NULL, NULL, 0),
(642, 'TBL-100226-0638', '2026-02-11 12:41:40', 'Sofia Andonaegui', 'Pizzería Mónaco', 56, 'Palta Hass', 30.00, 3150.00, 3150.00, 94500.00, 72000.00, 22500.00, 'Entregado', '2026-02-11', ' | Recibido por: Jimmy Quishpe (27.358.611-3)', '2c998687ec70c3937afe7a1eefdbaa86', '2026-02-11 19:03:30', NULL, '255', '145', NULL, 'https://tabolango.cl/uploads/facturas_api/F255_TBL-100226-0638.pdf', 'https://tabolango.cl/uploads/guia_firmada/recepcion_TBL-100226-0638_1770823570.pdf', 'https://tabolango.cl/uploads/guia_de_despacho/guia_TBL-100226-0638_1770819049.pdf', 'https://tabolango.cl/uploads/evidencia_entrega/ev_TBL-100226-0638_1770823569.jpg', -32.64437990, -71.43255657, -32.92517598, -71.37808400, NULL, '10', '2026-02-11 09:41:40', 'Sofia Andonaegui', '2026-02-11 13:19:52', NULL, NULL, 0),
(643, 'TBL-100226-0638', '2026-02-11 12:41:40', 'Sofia Andonaegui', 'Pizzería Mónaco', 56, 'Tomate', 2.00, 12665.00, 12665.00, 25330.00, 18488.00, 6842.00, 'Entregado', '2026-02-11', ' | Recibido por: Jimmy Quishpe (27.358.611-3)', '2c998687ec70c3937afe7a1eefdbaa86', '2026-02-11 19:03:30', NULL, '255', '145', NULL, 'https://tabolango.cl/uploads/facturas_api/F255_TBL-100226-0638.pdf', 'https://tabolango.cl/uploads/guia_firmada/recepcion_TBL-100226-0638_1770823570.pdf', 'https://tabolango.cl/uploads/guia_de_despacho/guia_TBL-100226-0638_1770819049.pdf', 'https://tabolango.cl/uploads/evidencia_entrega/ev_TBL-100226-0638_1770823569.jpg', -32.64437990, -71.43255657, -32.92517598, -71.37808400, NULL, '8', '2026-02-11 09:41:40', 'Sofia Andonaegui', '2026-02-11 13:19:52', NULL, NULL, 0),
(644, 'TBL-100226-0638', '2026-02-11 12:41:40', 'Sofia Andonaegui', 'Pizzería Mónaco', 56, 'Lechuga', 2.00, 6600.00, 6600.00, 13200.00, 3600.00, 9600.00, 'Entregado', '2026-02-11', ' | Recibido por: Jimmy Quishpe (27.358.611-3)', '2c998687ec70c3937afe7a1eefdbaa86', '2026-02-11 19:03:30', NULL, '255', '145', NULL, 'https://tabolango.cl/uploads/facturas_api/F255_TBL-100226-0638.pdf', 'https://tabolango.cl/uploads/guia_firmada/recepcion_TBL-100226-0638_1770823570.pdf', 'https://tabolango.cl/uploads/guia_de_despacho/guia_TBL-100226-0638_1770819049.pdf', 'https://tabolango.cl/uploads/evidencia_entrega/ev_TBL-100226-0638_1770823569.jpg', -32.64437990, -71.43255657, -32.92517598, -71.37808400, NULL, '11', '2026-02-11 09:41:40', 'Sofia Andonaegui', '2026-02-11 13:19:52', NULL, NULL, 0),
(645, 'TBL-100226-0638', '2026-02-11 12:41:40', 'Sofia Andonaegui', 'Pizzería Mónaco', 56, 'Lechuga', 2.00, 5500.00, 5500.00, 11000.00, 4000.00, 7000.00, 'Entregado', '2026-02-11', ' | Recibido por: Jimmy Quishpe (27.358.611-3)', '2c998687ec70c3937afe7a1eefdbaa86', '2026-02-11 19:03:30', NULL, '255', '145', NULL, 'https://tabolango.cl/uploads/facturas_api/F255_TBL-100226-0638.pdf', 'https://tabolango.cl/uploads/guia_firmada/recepcion_TBL-100226-0638_1770823570.pdf', 'https://tabolango.cl/uploads/guia_de_despacho/guia_TBL-100226-0638_1770819049.pdf', 'https://tabolango.cl/uploads/evidencia_entrega/ev_TBL-100226-0638_1770823569.jpg', -32.64437990, -71.43255657, -32.92517598, -71.37808400, NULL, '13', '2026-02-11 09:41:40', 'Sofia Andonaegui', '2026-02-11 13:19:52', NULL, NULL, 0),
(646, 'TBL-100226-0638', '2026-02-11 12:41:40', 'Sofia Andonaegui', 'Pizzería Mónaco', 56, 'Lechuga', 2.00, 5500.00, 5500.00, 11000.00, 4000.00, 7000.00, 'Entregado', '2026-02-11', ' | Recibido por: Jimmy Quishpe (27.358.611-3)', '2c998687ec70c3937afe7a1eefdbaa86', '2026-02-11 19:03:30', NULL, '255', '145', NULL, 'https://tabolango.cl/uploads/facturas_api/F255_TBL-100226-0638.pdf', 'https://tabolango.cl/uploads/guia_firmada/recepcion_TBL-100226-0638_1770823570.pdf', 'https://tabolango.cl/uploads/guia_de_despacho/guia_TBL-100226-0638_1770819049.pdf', 'https://tabolango.cl/uploads/evidencia_entrega/ev_TBL-100226-0638_1770823569.jpg', -32.64437990, -71.43255657, -32.92517598, -71.37808400, NULL, '12', '2026-02-11 09:41:40', 'Sofia Andonaegui', '2026-02-11 13:19:52', NULL, NULL, 0),
(649, 'TBL-110226-0649', '2026-02-11 17:53:38', 'Sofia Andonaegui', 'Wok AND roll', 38, 'Champiñón', 7.00, 3600.00, 2773.00, 25200.00, 19411.00, 5789.00, 'Entregado', '2026-02-13', ' | Recibido por: Giovanni Espinoza (20.481.633-6)', '1000d2dd1dc156abe00e0ca6af9b683e', '2026-02-13 23:37:10', NULL, '270', '154', NULL, 'https://tabolango.cl/uploads/facturas_api/F270_TBL-110226-0649.pdf', 'https://tabolango.cl/uploads/guia_firmada/recepcion_TBL-110226-0649_1771003740.pdf', 'https://tabolango.cl/uploads/guia_de_despacho/G154_TBL-110226-0649.pdf', 'https://tabolango.cl/uploads/evidencia_entrega/ev_TBL-110226-0649_1771003740.jpg', -33.01798330, -71.55360670, -32.90816603, -71.49419815, NULL, '9', NULL, NULL, '2026-02-13 20:37:10', NULL, NULL, 0),
(650, 'TBL-110226-0649', '2026-02-11 17:53:38', 'Sofia Andonaegui', 'Wok AND roll', 38, 'Lechuga', 1.00, 4500.00, 2000.00, 4500.00, 2000.00, 2500.00, 'Entregado', '2026-02-13', ' | Recibido por: Giovanni Espinoza (20.481.633-6)', '1000d2dd1dc156abe00e0ca6af9b683e', '2026-02-13 23:37:10', NULL, '270', '154', NULL, 'https://tabolango.cl/uploads/facturas_api/F270_TBL-110226-0649.pdf', 'https://tabolango.cl/uploads/guia_firmada/recepcion_TBL-110226-0649_1771003740.pdf', 'https://tabolango.cl/uploads/guia_de_despacho/G154_TBL-110226-0649.pdf', 'https://tabolango.cl/uploads/evidencia_entrega/ev_TBL-110226-0649_1771003740.jpg', -33.01798330, -71.55360670, -32.90816603, -71.49419815, NULL, '13', NULL, NULL, '2026-02-13 20:37:10', NULL, NULL, 0),
(651, 'TBL-110226-0649', '2026-02-11 17:53:38', 'Sofia Andonaegui', 'Wok AND roll', 38, 'Lechuga', 1.00, 4500.00, 2000.00, 4500.00, 2000.00, 2500.00, 'Entregado', '2026-02-13', ' | Recibido por: Giovanni Espinoza (20.481.633-6)', '1000d2dd1dc156abe00e0ca6af9b683e', '2026-02-13 23:37:10', NULL, '270', '154', NULL, 'https://tabolango.cl/uploads/facturas_api/F270_TBL-110226-0649.pdf', 'https://tabolango.cl/uploads/guia_firmada/recepcion_TBL-110226-0649_1771003740.pdf', 'https://tabolango.cl/uploads/guia_de_despacho/G154_TBL-110226-0649.pdf', 'https://tabolango.cl/uploads/evidencia_entrega/ev_TBL-110226-0649_1771003740.jpg', -33.01798330, -71.55360670, -32.90816603, -71.49419815, NULL, '12', NULL, NULL, '2026-02-13 20:37:10', NULL, NULL, 0),
(652, 'TBL-110226-0649', '2026-02-11 17:53:38', 'Sofia Andonaegui', 'Wok AND roll', 38, 'Palta Hass', 10.00, 2800.00, 2400.00, 28000.00, 24000.00, 4000.00, 'Entregado', '2026-02-13', ' | Recibido por: Giovanni Espinoza (20.481.633-6)', '1000d2dd1dc156abe00e0ca6af9b683e', '2026-02-13 23:37:10', NULL, '270', '154', NULL, 'https://tabolango.cl/uploads/facturas_api/F270_TBL-110226-0649.pdf', 'https://tabolango.cl/uploads/guia_firmada/recepcion_TBL-110226-0649_1771003740.pdf', 'https://tabolango.cl/uploads/guia_de_despacho/G154_TBL-110226-0649.pdf', 'https://tabolango.cl/uploads/evidencia_entrega/ev_TBL-110226-0649_1771003740.jpg', -33.01798330, -71.55360670, -32.90816603, -71.49419815, NULL, '10', NULL, NULL, '2026-02-13 20:37:10', NULL, NULL, 0),
(653, 'TBL-110226-0653', '2026-02-11 20:50:28', 'Sofia Andonaegui', 'Valle Verde', 60, 'Tomate', 1.00, 10500.00, 8403.00, 10500.00, 8403.00, 2097.00, 'Entregado', '2026-02-12', ' | Recibido por: Victoria Aros (18.842.044-3)', '4ae9b9455619c733371b7cc1eb685b38', '2026-02-12 21:15:31', NULL, '258', '153', NULL, 'https://tabolango.cl/uploads/facturas_api/F258_TBL-110226-0653.pdf', 'https://tabolango.cl/uploads/guia_firmada/recepcion_TBL-110226-0653_1770930657.pdf', 'https://tabolango.cl/uploads/guia_de_despacho/G153_TBL-110226-0653.pdf', 'https://tabolango.cl/uploads/evidencia_entrega/ev_TBL-110226-0653_1770930657.jpg', -33.03568202, -71.29512751, -32.85748163, -71.22936902, NULL, '16', NULL, NULL, NULL, NULL, NULL, 0),
(654, 'TBL-110226-0653', '2026-02-11 20:50:28', 'Sofia Andonaegui', 'Valle Verde', 60, 'Lechuga', 2.00, 4500.00, 2000.00, 9000.00, 4000.00, 5000.00, 'Entregado', '2026-02-12', ' | Recibido por: Victoria Aros (18.842.044-3)', '4ae9b9455619c733371b7cc1eb685b38', '2026-02-12 21:15:31', NULL, '258', '153', NULL, 'https://tabolango.cl/uploads/facturas_api/F258_TBL-110226-0653.pdf', 'https://tabolango.cl/uploads/guia_firmada/recepcion_TBL-110226-0653_1770930657.pdf', 'https://tabolango.cl/uploads/guia_de_despacho/G153_TBL-110226-0653.pdf', 'https://tabolango.cl/uploads/evidencia_entrega/ev_TBL-110226-0653_1770930657.jpg', -33.03568202, -71.29512751, -32.85748163, -71.22936902, NULL, '13', NULL, NULL, NULL, NULL, NULL, 0),
(655, 'TBL-110226-0653', '2026-02-11 20:50:28', 'Sofia Andonaegui', 'Valle Verde', 60, 'Lechuga', 2.00, 4500.00, 2000.00, 9000.00, 4000.00, 5000.00, 'Entregado', '2026-02-12', ' | Recibido por: Victoria Aros (18.842.044-3)', '4ae9b9455619c733371b7cc1eb685b38', '2026-02-12 21:15:31', NULL, '258', '153', NULL, 'https://tabolango.cl/uploads/facturas_api/F258_TBL-110226-0653.pdf', 'https://tabolango.cl/uploads/guia_firmada/recepcion_TBL-110226-0653_1770930657.pdf', 'https://tabolango.cl/uploads/guia_de_despacho/G153_TBL-110226-0653.pdf', 'https://tabolango.cl/uploads/evidencia_entrega/ev_TBL-110226-0653_1770930657.jpg', -33.03568202, -71.29512751, -32.85748163, -71.22936902, NULL, '12', NULL, NULL, NULL, NULL, NULL, 0),
(659, 'TBL-020226-0309', '2026-02-12 12:19:49', 'Sofia Andonaegui', 'Casa Tabolango', 50, 'Palta Hass', 1.00, 2800.00, 2800.00, 2800.00, 2400.00, 400.00, 'En despacho', '2026-02-03', '', '1b7d6a0100ff67cb2ee9bb7498c189d0', '2026-02-12 12:19:49', NULL, NULL, NULL, NULL, NULL, NULL, 'https://tabolango.cl/uploads/guia_de_despacho/G3929_TBL-020226-0309_SIM.pdf', NULL, NULL, NULL, NULL, NULL, NULL, '10', '2026-02-12 09:19:49', 'Juan Andrés Espinosa', NULL, NULL, NULL, 0),
(660, 'TBL-020226-0309', '2026-02-12 12:19:49', 'Sofia Andonaegui', 'Casa Tabolango', 50, 'Lechuga', 1.00, 4800.00, 4800.00, 4800.00, 1800.00, 3000.00, 'En despacho', '2026-02-03', '', '1b7d6a0100ff67cb2ee9bb7498c189d0', '2026-02-12 12:19:49', NULL, NULL, NULL, NULL, NULL, NULL, 'https://tabolango.cl/uploads/guia_de_despacho/G3929_TBL-020226-0309_SIM.pdf', NULL, NULL, NULL, NULL, NULL, NULL, '11', '2026-02-12 09:19:49', 'Juan Andrés Espinosa', NULL, NULL, NULL, 0),
(661, 'TBL-120226-0661', '2026-02-12 13:39:36', 'Sofia Andonaegui', 'La Flor de Chile', 25, 'Champiñón', 5.00, 3600.00, 2773.00, 18000.00, 13865.00, 4135.00, 'Entregado', '2026-02-13', ' | Recibido por: Hernán merino (10.748.180-K)', '17010b031fb83659000f7bf8441afdd8', '2026-02-13 19:02:41', NULL, '262', '164', NULL, 'https://tabolango.cl/uploads/facturas_api/F262_TBL-120226-0661.pdf', 'https://tabolango.cl/uploads/guia_firmada/recepcion_TBL-120226-0661_1771003226.pdf', 'https://tabolango.cl/uploads/guia_de_despacho/G164_TBL-120226-0661.pdf', 'https://tabolango.cl/uploads/evidencia_entrega/ev_TBL-120226-0661_1771003226.jpg', -33.01496670, -71.55115770, -32.90815734, -71.49396520, NULL, '9', NULL, NULL, '2026-02-13 16:02:41', NULL, NULL, 0),
(662, 'TBL-120226-0661', '2026-02-12 13:39:36', 'Sofia Andonaegui', 'La Flor de Chile', 25, 'Palta Hass', 10.00, 2800.00, 2400.00, 28000.00, 24000.00, 4000.00, 'Entregado', '2026-02-13', ' | Recibido por: Hernán merino (10.748.180-K)', '17010b031fb83659000f7bf8441afdd8', '2026-02-13 19:02:41', NULL, '262', '164', NULL, 'https://tabolango.cl/uploads/facturas_api/F262_TBL-120226-0661.pdf', 'https://tabolango.cl/uploads/guia_firmada/recepcion_TBL-120226-0661_1771003226.pdf', 'https://tabolango.cl/uploads/guia_de_despacho/G164_TBL-120226-0661.pdf', 'https://tabolango.cl/uploads/evidencia_entrega/ev_TBL-120226-0661_1771003226.jpg', -33.01496670, -71.55115770, -32.90815734, -71.49396520, NULL, '10', NULL, NULL, '2026-02-13 16:02:41', NULL, NULL, 0),
(663, 'TBL-120226-0661', '2026-02-12 13:39:36', 'Sofia Andonaegui', 'La Flor de Chile', 25, 'Tomate', 1.00, 12410.00, 10084.00, 12410.00, 10084.00, 2326.00, 'Entregado', '2026-02-13', ' | Recibido por: Hernán merino (10.748.180-K)', '17010b031fb83659000f7bf8441afdd8', '2026-02-13 19:02:41', NULL, '262', '164', NULL, 'https://tabolango.cl/uploads/facturas_api/F262_TBL-120226-0661.pdf', 'https://tabolango.cl/uploads/guia_firmada/recepcion_TBL-120226-0661_1771003226.pdf', 'https://tabolango.cl/uploads/guia_de_despacho/G164_TBL-120226-0661.pdf', 'https://tabolango.cl/uploads/evidencia_entrega/ev_TBL-120226-0661_1771003226.jpg', -33.01496670, -71.55115770, -32.90815734, -71.49396520, NULL, '3', NULL, NULL, '2026-02-13 16:02:41', NULL, NULL, 0),
(664, 'TBL-120226-0664', '2026-02-12 16:00:13', 'Sofia Andonaegui', 'Dominó', 2, 'Tomate', 147.00, 11050.00, 10084.00, 1624350.00, 1482348.00, 142002.00, 'Confirmado', '2026-02-17', '', '8f5d85ec515910daea605bfca64c8043', '2026-02-12 16:00:13', NULL, NULL, NULL, NULL, NULL, NULL, NULL, NULL, NULL, NULL, NULL, NULL, NULL, '3', NULL, NULL, NULL, NULL, NULL, 0),
(665, 'TBL-120226-0665', '2026-02-12 20:03:34', 'Sofia Andonaegui', 'Castillo Del Mar', 48, 'Tomate', 2.00, 12410.00, 10084.00, 24820.00, 20168.00, 4652.00, 'Entregado', '2026-02-13', ' | Recibido por: Felipe Soto (17.963.042-7)', 'd8fe7600ea9828f2573f7e5b2b54909b', '2026-02-13 19:02:40', NULL, '265', '163', NULL, 'https://tabolango.cl/uploads/facturas_api/F265_TBL-120226-0665.pdf', 'https://tabolango.cl/uploads/guia_firmada/recepcion_TBL-120226-0665_1771005441.pdf', 'https://tabolango.cl/uploads/guia_de_despacho/G163_TBL-120226-0665.pdf', 'https://tabolango.cl/uploads/evidencia_entrega/ev_TBL-120226-0665_1771005441.jpg', -33.02032600, -71.56516240, -32.90815735, -71.49396536, NULL, '3', NULL, NULL, '2026-02-13 16:02:40', NULL, NULL, 0),
(666, 'TBL-120226-0665', '2026-02-12 20:03:34', 'Sofia Andonaegui', 'Castillo Del Mar', 48, 'Palta Hass', 10.00, 2800.00, 2400.00, 28000.00, 24000.00, 4000.00, 'Entregado', '2026-02-13', ' | Recibido por: Felipe Soto (17.963.042-7)', 'd8fe7600ea9828f2573f7e5b2b54909b', '2026-02-13 19:02:40', NULL, '265', '163', NULL, 'https://tabolango.cl/uploads/facturas_api/F265_TBL-120226-0665.pdf', 'https://tabolango.cl/uploads/guia_firmada/recepcion_TBL-120226-0665_1771005441.pdf', 'https://tabolango.cl/uploads/guia_de_despacho/G163_TBL-120226-0665.pdf', 'https://tabolango.cl/uploads/evidencia_entrega/ev_TBL-120226-0665_1771005441.jpg', -33.02032600, -71.56516240, -32.90815735, -71.49396536, NULL, '10', NULL, NULL, '2026-02-13 16:02:40', NULL, NULL, 0),
(674, 'TBL-130226-0674', '2026-02-13 00:38:27', 'Sofia Andonaegui', 'La Chacra Verdulería', 26, 'Palta Hass', 15.00, 2800.00, 2400.00, 42000.00, 36000.00, 6000.00, 'Entregado', '2026-02-13', '60% Maduras - 40% Firmes | Recibido por: Lorena lagrez (10.032.220-K)', '235645bd8a0bb8d04f1dd50e54538fe4', '2026-02-13 19:02:38', NULL, '267', '162', NULL, 'https://tabolango.cl/uploads/facturas_api/F267_TBL-130226-0674.pdf', 'https://tabolango.cl/uploads/guia_firmada/recepcion_TBL-130226-0674_1771007417.pdf', 'https://tabolango.cl/uploads/guia_de_despacho/G162_TBL-130226-0674.pdf', 'https://tabolango.cl/uploads/evidencia_entrega/ev_TBL-130226-0674_1771007417.jpg', -33.01779510, -71.54829410, -32.90815806, -71.49398426, NULL, '10', NULL, NULL, '2026-02-13 16:02:38', NULL, NULL, 0),
(681, 'TBL-130226-0681', '2026-02-13 01:19:13', 'Sofia Andonaegui', 'Pecado del Inka - Ecuador', 30, 'Tomate', 1.00, 12410.00, 10084.00, 12410.00, 10084.00, 2326.00, 'Entregado', '2026-02-13', ' | Recibido por: Angela Dolores (23.213.586-7)', '5bf136293d5f208090cca0c0e6fa325d', '2026-02-13 19:02:37', NULL, '266', '161', NULL, 'https://tabolango.cl/uploads/facturas_api/F266_TBL-130226-0681.pdf', 'https://tabolango.cl/uploads/guia_firmada/recepcion_TBL-130226-0681_1771006067.pdf', 'https://tabolango.cl/uploads/guia_de_despacho/G161_TBL-130226-0681.pdf', 'https://tabolango.cl/uploads/evidencia_entrega/ev_TBL-130226-0681_1771006067.jpg', -33.02482570, -71.56014220, -32.90815959, -71.49402485, NULL, '3', NULL, NULL, '2026-02-13 16:02:37', NULL, NULL, 0),
(686, 'TBL-130226-0686', '2026-02-13 01:21:52', 'Sofia Andonaegui', 'Kosta Brava', 32, 'Tomate', 1.00, 12410.00, 10084.00, 12410.00, 10084.00, 2326.00, 'Entregado', '2026-02-13', ' | Recibido por: Estrella minayia (28.210.005-3)', '3234cf69bd3046b809e46f0e4ceedcf5', '2026-02-13 19:02:35', NULL, '261', '160', NULL, 'https://tabolango.cl/uploads/facturas_api/F261_TBL-130226-0686.pdf', 'https://tabolango.cl/uploads/guia_firmada/recepcion_TBL-130226-0686_1771001410.pdf', 'https://tabolango.cl/uploads/guia_de_despacho/G160_TBL-130226-0686.pdf', 'https://tabolango.cl/uploads/evidencia_entrega/ev_TBL-130226-0686_1771001410.jpg', -32.97059610, -71.54444700, -32.90816359, -71.49413112, NULL, '3', NULL, NULL, '2026-02-13 16:02:35', NULL, NULL, 0),
(687, 'TBL-130226-0687', '2026-02-13 12:24:03', 'Sofia Andonaegui', 'Bar Tees Costa Cachagua', 49, 'Tomate', 1.00, 13940.00, 10084.00, 13940.00, 10084.00, 3856.00, 'Entregado', '2026-02-14', ' | Recibido por: Rodrigo (16.989.335-7)', 'cb150aaed73d8bdc40c78432097d454d', '2026-02-16 00:37:47', NULL, '272', '165', NULL, 'https://tabolango.cl/uploads/facturas_api/F272_TBL-130226-0687.pdf', 'https://tabolango.cl/uploads/guia_firmada/recepcion_TBL-130226-0687_1771080603.pdf', 'https://tabolango.cl/uploads/guia_de_despacho/G165_TBL-130226-0687.pdf', 'https://tabolango.cl/uploads/evidencia_entrega/ev_TBL-130226-0687_1771080603.jpg', -32.62476665, -71.42507865, -32.92528618, -71.37813787, NULL, '3', NULL, NULL, '2026-02-15 21:37:47', NULL, NULL, 0),
(688, 'TBL-130226-0668', '2026-02-13 12:35:13', 'Sofia Andonaegui', 'Pizzería El Templo - Concon', 21, 'Tomate', 1.00, 11305.00, 11305.00, 11305.00, 9244.00, 2061.00, 'Entregado', '2026-02-13', ' | Recibido por: Erik soto (27.453.280-7)', '68e3c4d2b2380cd141aab9b78ed46169', '2026-02-13 19:02:39', NULL, '260', '159', NULL, 'https://tabolango.cl/uploads/facturas_api/F260_TBL-130226-0668.pdf', 'https://tabolango.cl/uploads/guia_firmada/recepcion_TBL-130226-0668_1771000306.pdf', 'https://tabolango.cl/uploads/guia_de_despacho/G159_TBL-130226-0668.pdf', 'https://tabolango.cl/uploads/evidencia_entrega/ev_TBL-130226-0668_1771000306.jpg', -32.94168890, -71.52110620, -32.90816528, -71.49417620, NULL, '8', '2026-02-13 09:35:13', 'Sofia Andonaegui', '2026-02-13 16:02:39', NULL, NULL, 0),
(689, 'TBL-130226-0668', '2026-02-13 12:35:13', 'Sofia Andonaegui', 'Pizzería El Templo - Concon', 21, 'Palta Hass', 5.00, 2800.00, 2800.00, 14000.00, 12000.00, 2000.00, 'Entregado', '2026-02-13', ' | Recibido por: Erik soto (27.453.280-7)', '68e3c4d2b2380cd141aab9b78ed46169', '2026-02-13 19:02:39', NULL, '260', '159', NULL, 'https://tabolango.cl/uploads/facturas_api/F260_TBL-130226-0668.pdf', 'https://tabolango.cl/uploads/guia_firmada/recepcion_TBL-130226-0668_1771000306.pdf', 'https://tabolango.cl/uploads/guia_de_despacho/G159_TBL-130226-0668.pdf', 'https://tabolango.cl/uploads/evidencia_entrega/ev_TBL-130226-0668_1771000306.jpg', -32.94168890, -71.52110620, -32.90816528, -71.49417620, NULL, '10', '2026-02-13 09:35:13', 'Sofia Andonaegui', '2026-02-13 16:02:39', NULL, NULL, 0),
(690, 'TBL-130226-0668', '2026-02-13 12:35:13', 'Sofia Andonaegui', 'Pizzería El Templo - Concon', 21, 'Champiñón', 5.00, 3600.00, 3600.00, 18000.00, 13865.00, 4135.00, 'Entregado', '2026-02-13', ' | Recibido por: Erik soto (27.453.280-7)', '68e3c4d2b2380cd141aab9b78ed46169', '2026-02-13 19:02:39', NULL, '260', '159', NULL, 'https://tabolango.cl/uploads/facturas_api/F260_TBL-130226-0668.pdf', 'https://tabolango.cl/uploads/guia_firmada/recepcion_TBL-130226-0668_1771000306.pdf', 'https://tabolango.cl/uploads/guia_de_despacho/G159_TBL-130226-0668.pdf', 'https://tabolango.cl/uploads/evidencia_entrega/ev_TBL-130226-0668_1771000306.jpg', -32.94168890, -71.52110620, -32.90816528, -71.49417620, NULL, '9', '2026-02-13 09:35:13', 'Sofia Andonaegui', '2026-02-13 16:02:39', NULL, NULL, 0),
(691, 'TBL-130226-0668', '2026-02-13 12:35:13', 'Sofia Andonaegui', 'Pizzería El Templo - Concon', 21, 'Lechuga', 1.00, 4500.00, 4500.00, 4500.00, 2000.00, 2500.00, 'Entregado', '2026-02-13', ' | Recibido por: Erik soto (27.453.280-7)', '68e3c4d2b2380cd141aab9b78ed46169', '2026-02-13 19:02:39', NULL, '260', '159', NULL, 'https://tabolango.cl/uploads/facturas_api/F260_TBL-130226-0668.pdf', 'https://tabolango.cl/uploads/guia_firmada/recepcion_TBL-130226-0668_1771000306.pdf', 'https://tabolango.cl/uploads/guia_de_despacho/G159_TBL-130226-0668.pdf', 'https://tabolango.cl/uploads/evidencia_entrega/ev_TBL-130226-0668_1771000306.jpg', -32.94168890, -71.52110620, -32.90816528, -71.49417620, NULL, '13', '2026-02-13 09:35:13', 'Sofia Andonaegui', '2026-02-13 16:02:39', NULL, NULL, 0),
(692, 'TBL-130226-0670', '2026-02-13 12:35:49', 'Sofia Andonaegui', 'Pizzería El Templo - Quintay', 58, 'Tomate', 1.00, 11305.00, 11305.00, 11305.00, 9244.00, 2061.00, 'Entregado', '2026-02-13', ' | Recibido por: Carlos Miranda (9.877.822-5)', 'e4bcbadb017a85c6f1de74b57a89cb6f', '2026-02-13 19:02:39', NULL, '264', '158', NULL, 'https://tabolango.cl/uploads/facturas_api/F264_TBL-130226-0670.pdf', 'https://tabolango.cl/uploads/guia_firmada/recepcion_TBL-130226-0670_1771004690.pdf', 'https://tabolango.cl/uploads/guia_de_despacho/G158_TBL-130226-0670.pdf', 'https://tabolango.cl/uploads/evidencia_entrega/ev_TBL-130226-0670_1771004690.jpg', -33.01790500, -71.55394630, -32.90816185, -71.49408498, NULL, '8', '2026-02-13 09:35:49', 'Sofia Andonaegui', '2026-02-13 16:02:39', NULL, NULL, 0),
(693, 'TBL-130226-0670', '2026-02-13 12:35:49', 'Sofia Andonaegui', 'Pizzería El Templo - Quintay', 58, 'Champiñón', 7.00, 3600.00, 3600.00, 25200.00, 19411.00, 5789.00, 'Entregado', '2026-02-13', ' | Recibido por: Carlos Miranda (9.877.822-5)', 'e4bcbadb017a85c6f1de74b57a89cb6f', '2026-02-13 19:02:39', NULL, '264', '158', NULL, 'https://tabolango.cl/uploads/facturas_api/F264_TBL-130226-0670.pdf', 'https://tabolango.cl/uploads/guia_firmada/recepcion_TBL-130226-0670_1771004690.pdf', 'https://tabolango.cl/uploads/guia_de_despacho/G158_TBL-130226-0670.pdf', 'https://tabolango.cl/uploads/evidencia_entrega/ev_TBL-130226-0670_1771004690.jpg', -33.01790500, -71.55394630, -32.90816185, -71.49408498, NULL, '9', '2026-02-13 09:35:49', 'Sofia Andonaegui', '2026-02-13 16:02:39', NULL, NULL, 0),
(694, 'TBL-130226-0670', '2026-02-13 12:35:49', 'Sofia Andonaegui', 'Pizzería El Templo - Quintay', 58, 'Palta Hass', 8.00, 2800.00, 2800.00, 22400.00, 19200.00, 3200.00, 'Entregado', '2026-02-13', ' | Recibido por: Carlos Miranda (9.877.822-5)', 'e4bcbadb017a85c6f1de74b57a89cb6f', '2026-02-13 19:02:39', NULL, '264', '158', NULL, 'https://tabolango.cl/uploads/facturas_api/F264_TBL-130226-0670.pdf', 'https://tabolango.cl/uploads/guia_firmada/recepcion_TBL-130226-0670_1771004690.pdf', 'https://tabolango.cl/uploads/guia_de_despacho/G158_TBL-130226-0670.pdf', 'https://tabolango.cl/uploads/evidencia_entrega/ev_TBL-130226-0670_1771004690.jpg', -33.01790500, -71.55394630, -32.90816185, -71.49408498, NULL, '10', '2026-02-13 09:35:49', 'Sofia Andonaegui', '2026-02-13 16:02:39', NULL, NULL, 0),
(695, 'TBL-130226-0670', '2026-02-13 12:35:49', 'Sofia Andonaegui', 'Pizzería El Templo - Quintay', 58, 'Lechuga', 1.00, 4500.00, 4500.00, 4500.00, 2000.00, 2500.00, 'Entregado', '2026-02-13', ' | Recibido por: Carlos Miranda (9.877.822-5)', 'e4bcbadb017a85c6f1de74b57a89cb6f', '2026-02-13 19:02:39', NULL, '264', '158', NULL, 'https://tabolango.cl/uploads/facturas_api/F264_TBL-130226-0670.pdf', 'https://tabolango.cl/uploads/guia_firmada/recepcion_TBL-130226-0670_1771004690.pdf', 'https://tabolango.cl/uploads/guia_de_despacho/G158_TBL-130226-0670.pdf', 'https://tabolango.cl/uploads/evidencia_entrega/ev_TBL-130226-0670_1771004690.jpg', -33.01790500, -71.55394630, -32.90816185, -71.49408498, NULL, '13', '2026-02-13 09:35:49', 'Sofia Andonaegui', '2026-02-13 16:02:39', NULL, NULL, 0),
(699, 'TBL-130226-0671', '2026-02-13 12:37:13', 'Sofia Andonaegui', 'Pizzería El Templo - Viña del Mar', 62, 'Tomate', 1.00, 11305.00, 11305.00, 11305.00, 9244.00, 2061.00, 'Entregado', '2026-02-13', ' | Recibido por: Carlos Miranda (9.877.822-5)', 'e6cf4506505333cee062175ea7f0d771', '2026-02-13 17:42:34', NULL, '263', '157', NULL, 'https://tabolango.cl/uploads/facturas_api/F263_TBL-130226-0671.pdf', 'https://tabolango.cl/uploads/guia_firmada/recepcion_TBL-130226-0671_1771004512.pdf', 'https://tabolango.cl/uploads/guia_de_despacho/G157_TBL-130226-0671.pdf', 'https://tabolango.cl/uploads/evidencia_entrega/ev_TBL-130226-0671_1771004511.jpg', -33.01789070, -71.55395150, -32.90816401, -71.49414250, NULL, '8', '2026-02-13 09:37:13', 'Sofia Andonaegui', NULL, NULL, NULL, 0),
(700, 'TBL-130226-0671', '2026-02-13 12:37:13', 'Sofia Andonaegui', 'Pizzería El Templo - Viña del Mar', 62, 'Lechuga', 1.00, 4800.00, 4800.00, 4800.00, 1800.00, 3000.00, 'Entregado', '2026-02-13', ' | Recibido por: Carlos Miranda (9.877.822-5)', 'e6cf4506505333cee062175ea7f0d771', '2026-02-13 17:42:34', NULL, '263', '157', NULL, 'https://tabolango.cl/uploads/facturas_api/F263_TBL-130226-0671.pdf', 'https://tabolango.cl/uploads/guia_firmada/recepcion_TBL-130226-0671_1771004512.pdf', 'https://tabolango.cl/uploads/guia_de_despacho/G157_TBL-130226-0671.pdf', 'https://tabolango.cl/uploads/evidencia_entrega/ev_TBL-130226-0671_1771004511.jpg', -33.01789070, -71.55395150, -32.90816401, -71.49414250, NULL, '11', '2026-02-13 09:37:13', 'Sofia Andonaegui', NULL, NULL, NULL, 0),
(701, 'TBL-130226-0671', '2026-02-13 12:37:13', 'Sofia Andonaegui', 'Pizzería El Templo - Viña del Mar', 62, 'Champiñón', 4.00, 3600.00, 3600.00, 14400.00, 11092.00, 3308.00, 'Entregado', '2026-02-13', ' | Recibido por: Carlos Miranda (9.877.822-5)', 'e6cf4506505333cee062175ea7f0d771', '2026-02-13 17:42:34', NULL, '263', '157', NULL, 'https://tabolango.cl/uploads/facturas_api/F263_TBL-130226-0671.pdf', 'https://tabolango.cl/uploads/guia_firmada/recepcion_TBL-130226-0671_1771004512.pdf', 'https://tabolango.cl/uploads/guia_de_despacho/G157_TBL-130226-0671.pdf', 'https://tabolango.cl/uploads/evidencia_entrega/ev_TBL-130226-0671_1771004511.jpg', -33.01789070, -71.55395150, -32.90816401, -71.49414250, NULL, '9', '2026-02-13 09:37:13', 'Sofia Andonaegui', NULL, NULL, NULL, 0),
(702, 'TBL-130226-0671', '2026-02-13 12:37:13', 'Sofia Andonaegui', 'Pizzería El Templo - Viña del Mar', 62, 'Lechuga', 1.00, 4500.00, 4500.00, 4500.00, 2000.00, 2500.00, 'Entregado', '2026-02-13', ' | Recibido por: Carlos Miranda (9.877.822-5)', 'e6cf4506505333cee062175ea7f0d771', '2026-02-13 17:42:34', NULL, '263', '157', NULL, 'https://tabolango.cl/uploads/facturas_api/F263_TBL-130226-0671.pdf', 'https://tabolango.cl/uploads/guia_firmada/recepcion_TBL-130226-0671_1771004512.pdf', 'https://tabolango.cl/uploads/guia_de_despacho/G157_TBL-130226-0671.pdf', 'https://tabolango.cl/uploads/evidencia_entrega/ev_TBL-130226-0671_1771004511.jpg', -33.01789070, -71.55395150, -32.90816401, -71.49414250, NULL, '13', '2026-02-13 09:37:13', 'Sofia Andonaegui', NULL, NULL, NULL, 0),
(712, 'TBL-130226-0684', '2026-02-13 13:53:59', 'Sofia Andonaegui', 'Pecado del Inka - 12 Norte', 23, 'Tomate', 2.00, 12410.00, 12410.00, 24820.00, 20168.00, 4652.00, 'Entregado', '2026-02-13', ' | Recibido por: Genoveva gamarra (28.416.673-6)', 'f3b6288783f7b1e1fd5ed6a5f33e4348', '2026-02-13 19:02:35', NULL, '268', '156', NULL, 'https://tabolango.cl/uploads/facturas_api/F268_TBL-130226-0684.pdf', 'https://tabolango.cl/uploads/guia_firmada/recepcion_TBL-130226-0684_1771008380.pdf', 'https://tabolango.cl/uploads/guia_de_despacho/G156_TBL-130226-0684.pdf', 'https://tabolango.cl/uploads/evidencia_entrega/ev_TBL-130226-0684_1771008379.jpg', -33.01139990, -71.54322120, -32.90816301, -71.49411652, NULL, '3', '2026-02-13 10:53:59', 'Sofia Andonaegui', '2026-02-13 16:02:35', NULL, NULL, 0),
(713, 'TBL-130226-0682', '2026-02-13 13:54:12', 'Sofia Andonaegui', 'Central Inka', 31, 'Tomate', 3.00, 12410.00, 12410.00, 37230.00, 30252.00, 6978.00, 'Entregado', '2026-02-13', ' | Recibido por: Efraín laguna (24.989.004-9)', '891d161dd000cfb767a5c78c5a06760a', '2026-02-13 19:02:36', NULL, '269', '155', NULL, 'https://tabolango.cl/uploads/facturas_api/F269_TBL-130226-0682.pdf', 'https://tabolango.cl/uploads/guia_firmada/recepcion_TBL-130226-0682_1771007940.pdf', 'https://tabolango.cl/uploads/guia_de_despacho/G155_TBL-130226-0682.pdf', 'https://tabolango.cl/uploads/evidencia_entrega/ev_TBL-130226-0682_1771007939.jpg', -33.01095330, -71.54765670, -32.90816447, -71.49415539, NULL, '3', '2026-02-13 10:54:12', 'Sofia Andonaegui', '2026-02-13 16:02:36', NULL, NULL, 0),
(715, 'TBL-120226-0667', '2026-02-13 14:34:05', 'Juan Andrés Espinosa', 'Prueba', 24, 'Tomate', 4.00, 13940.00, 13940.00, 55760.00, 40336.00, 15424.00, 'Entregado', '2026-02-11', '', 'ad460b1476b54cb7209fc8fa121bdc84', '2026-02-13 22:48:12', NULL, '259', NULL, NULL, 'https://tabolango.cl/uploads/facturas_api/F259_TBL-120226-0667.pdf', NULL, NULL, NULL, NULL, NULL, NULL, NULL, NULL, '3', '2026-02-13 11:34:05', 'Juan Andrés Espinosa', '2026-02-13 19:48:12', NULL, 'EMITIDA', 18),
(716, 'TBL-130226-0716', '2026-02-13 17:06:41', 'Sofia Andonaegui', 'Empanadas Tio Mario', 57, 'Tomate', 2.00, 13940.00, 10084.00, 27880.00, 20168.00, 7712.00, 'Entregado', '2026-02-14', ' | Recibido por: Aquiles Quiñones (7.265.838-6)', 'dc484a237098514b15028e253d99065a', '2026-02-16 00:37:47', NULL, '271', '166', NULL, 'https://tabolango.cl/uploads/facturas_api/F271_TBL-130226-0716.pdf', 'https://tabolango.cl/uploads/guia_firmada/recepcion_TBL-130226-0716_1771079410.pdf', 'https://tabolango.cl/uploads/guia_de_despacho/G166_TBL-130226-0716.pdf', 'https://tabolango.cl/uploads/evidencia_entrega/ev_TBL-130226-0716_1771079410.jpg', -32.68665130, -71.40914772, -32.92530910, -71.37812397, NULL, '3', NULL, NULL, '2026-02-15 21:37:47', NULL, NULL, 0),
(717, 'TBL-130226-0716', '2026-02-13 17:06:41', 'Sofia Andonaegui', 'Empanadas Tio Mario', 57, 'Lechuga', 3.00, 5500.00, 2000.00, 16500.00, 6000.00, 10500.00, 'Entregado', '2026-02-14', ' | Recibido por: Aquiles Quiñones (7.265.838-6)', 'dc484a237098514b15028e253d99065a', '2026-02-16 00:37:47', NULL, '271', '166', NULL, 'https://tabolango.cl/uploads/facturas_api/F271_TBL-130226-0716.pdf', 'https://tabolango.cl/uploads/guia_firmada/recepcion_TBL-130226-0716_1771079410.pdf', 'https://tabolango.cl/uploads/guia_de_despacho/G166_TBL-130226-0716.pdf', 'https://tabolango.cl/uploads/evidencia_entrega/ev_TBL-130226-0716_1771079410.jpg', -32.68665130, -71.40914772, -32.92530910, -71.37812397, NULL, '12', NULL, NULL, '2026-02-15 21:37:47', NULL, NULL, 0),
(718, 'TBL-130226-0716', '2026-02-13 17:06:41', 'Sofia Andonaegui', 'Empanadas Tio Mario', 57, 'Palta Hass', 10.00, 3150.00, 2400.00, 31500.00, 24000.00, 7500.00, 'Entregado', '2026-02-14', ' | Recibido por: Aquiles Quiñones (7.265.838-6)', 'dc484a237098514b15028e253d99065a', '2026-02-16 00:37:47', NULL, '271', '166', NULL, 'https://tabolango.cl/uploads/facturas_api/F271_TBL-130226-0716.pdf', 'https://tabolango.cl/uploads/guia_firmada/recepcion_TBL-130226-0716_1771079410.pdf', 'https://tabolango.cl/uploads/guia_de_despacho/G166_TBL-130226-0716.pdf', 'https://tabolango.cl/uploads/evidencia_entrega/ev_TBL-130226-0716_1771079410.jpg', -32.68665130, -71.40914772, -32.92530910, -71.37812397, NULL, '10', NULL, NULL, '2026-02-15 21:37:47', NULL, NULL, 0);

-- --------------------------------------------------------

--
-- Estructura de tabla para la tabla `productos`
--

CREATE TABLE `productos` (
  `id_producto` int NOT NULL,
  `producto` varchar(100) COLLATE utf8mb4_unicode_ci NOT NULL,
  `variedad` varchar(100) CHARACTER SET utf8mb4 COLLATE utf8mb4_unicode_ci DEFAULT NULL,
  `icono` varchar(50) CHARACTER SET utf8mb4 COLLATE utf8mb4_unicode_ci DEFAULT NULL,
  `unidad` varchar(20) COLLATE utf8mb4_unicode_ci DEFAULT NULL,
  `precio_actual` decimal(10,2) DEFAULT NULL,
  `costo_actual` decimal(10,2) DEFAULT NULL,
  `precio_por_kilo` decimal(10,2) DEFAULT NULL,
  `costo_por_kilo` decimal(10,2) DEFAULT NULL,
  `activo` tinyint(1) DEFAULT '1',
  `color_diferenciador` varchar(20) COLLATE utf8mb4_unicode_ci DEFAULT '#0F4B29',
  `kg_por_unidad` decimal(10,3) DEFAULT '0.000',
  `calibre` varchar(50) COLLATE utf8mb4_unicode_ci DEFAULT NULL,
  `formato` varchar(50) COLLATE utf8mb4_unicode_ci DEFAULT NULL
) ENGINE=InnoDB DEFAULT CHARSET=utf8mb4 COLLATE=utf8mb4_unicode_ci;

--
-- Volcado de datos para la tabla `productos`
--

INSERT INTO `productos` (`id_producto`, `producto`, `variedad`, `icono`, `unidad`, `precio_actual`, `costo_actual`, `precio_por_kilo`, `costo_por_kilo`, `activo`, `color_diferenciador`, `kg_por_unidad`, `calibre`, `formato`) VALUES
(1, 'Tomate', 'Larga Vida', '🍅', 'Bandeja', 14600.00, 13445.00, 730.00, 672.25, 0, '#e32400', 20.000, '8', '20 Kilos'),
(2, 'Tomate', 'Larga Vida', '🍅', 'Bandeja', 13140.00, 12100.00, 730.00, 672.22, 0, '#831100', 18.000, '8', '18 Kilos'),
(3, 'Tomate', 'Larga Vida', '🍅', 'Bandeja', 12410.00, 10084.00, 730.00, 593.18, 1, '#831100', 17.000, '8', '17 Kilos'),
(5, 'Palta Hass', '', '🥑', 'Kg', 2500.00, 2100.00, 2500.00, 2100.00, 1, '#0f4b29', 1.000, '2da', 'Granel'),
(6, 'Naranja', 'Fukumoto', '🍊', 'Bandeja', 9000.00, 5000.00, 450.00, 250.00, 0, '#ff9300', 20.000, NULL, NULL),
(7, 'Champiñón', 'Paris', '🍄', 'Kg', 5800.00, 5168.00, 5800.00, 5168.00, 1, '#c0c0c0', 1.000, '1ra', 'Granel'),
(8, 'Tomate', 'Larga Vida', '🍅', 'Bandeja', 11305.00, 9244.00, 665.00, 543.76, 1, '#ff2600', 17.000, '7.5', '17 Kilos'),
(9, 'Champiñón', 'Paris', '🍄', 'Kg', 3600.00, 2773.00, 3600.00, 2773.00, 1, '#c0c0c0', 1.000, '2da', 'Granel'),
(10, 'Palta Hass', '', '🥑', 'Kg', 2800.00, 2400.00, 2800.00, 2400.00, 1, '#0f4b29', 1.000, '1ra', 'Granel'),
(11, 'Lechuga', 'Española', '🥬', 'Caja', 4800.00, 1800.00, 400.00, 150.00, 1, '#00f900', 12.000, '200 - 300gr', '12 Unidades'),
(12, 'Lechuga', 'Lollo Bionda', '🥬', 'Caja', 4500.00, 2000.00, 450.00, 200.00, 1, '#00f900', 10.000, '200 - 300gr', '10 Unidades'),
(13, 'Lechuga', 'Hoja Roble Verde', '🥬', 'Caja', 4500.00, 2000.00, 450.00, 200.00, 1, '#00f900', 10.000, '200 - 300gr', '10 Unidades'),
(14, 'Lechuga', 'Escarola', '🥬', 'Caja', 7660.00, 5500.00, 510.67, 366.67, 1, '#00f900', 15.000, '+ 300gr', '15 Unidades'),
(15, 'Choclo', 'Americano', '🌽', 'Caja', 3300.00, 1800.00, 220.00, 120.00, 1, '#f5ec00', 15.000, '1ra', '15 Unidades'),
(16, 'Tomate', 'Limachino', '🍅', 'Bandeja', 10500.00, 8403.00, 617.65, 494.29, 1, '#e32400', 17.000, 'S/C', '17 kilos'),
(17, 'Tomate', 'Salad', '🍅', 'Bandeja', 9800.00, 7563.00, 576.47, 444.88, 1, '#e32400', 17.000, 'S/C', '17 kilos'),
(18, 'Tomate', 'Rosado', '🍅', 'Bandeja', 10500.00, 8403.00, 617.65, 494.29, 1, '#ff4013', 17.000, 'S/C', '17 kilos'),
(19, 'Champiñón', 'Paris', '🍄', 'Bandeja', 1350.00, 1067.00, 12500.00, 5335.00, 1, '#d6d6d6', 0.200, '1ra', '200 gr'),
(20, 'Champiñón', 'Royal', '🍄', 'Kg', 6600.00, 5168.00, 6600.00, 5168.00, 1, '#ebebeb', 1.000, '1ra', 'Granel'),
(21, 'Champiñón', 'Portobello', '🍄', 'Kg', 7400.00, 5924.00, 7400.00, 5924.00, 1, '#d6d6d6', 1.000, '1ra', 'Granel');

-- --------------------------------------------------------

--
-- Estructura de tabla para la tabla `productos_precios_categorias`
--

CREATE TABLE `productos_precios_categorias` (
  `id` int NOT NULL,
  `id_producto` int NOT NULL,
  `id_categoria_cliente` int NOT NULL,
  `precio` decimal(10,2) NOT NULL,
  `fecha_actualizacion` timestamp NULL DEFAULT CURRENT_TIMESTAMP ON UPDATE CURRENT_TIMESTAMP
) ENGINE=InnoDB DEFAULT CHARSET=utf8mb4 COLLATE=utf8mb4_0900_ai_ci;

--
-- Volcado de datos para la tabla `productos_precios_categorias`
--

INSERT INTO `productos_precios_categorias` (`id`, `id_producto`, `id_categoria_cliente`, `precio`, `fecha_actualizacion`) VALUES
(2, 3, 1, 11050.00, '2026-01-16 14:37:12'),
(3, 3, 2, 11820.00, '2026-01-26 12:25:56'),
(4, 3, 3, 12410.00, '2026-01-20 01:43:47'),
(15, 3, 4, 13940.00, '2026-01-20 19:47:21'),
(19, 7, 4, 6500.00, '2026-01-20 19:46:37'),
(20, 9, 4, 4050.00, '2026-01-20 19:46:38'),
(22, 8, 4, 12665.00, '2026-01-20 19:48:43'),
(23, 10, 4, 3150.00, '2026-01-20 19:49:23'),
(24, 5, 4, 2800.00, '2026-01-20 19:49:23'),
(26, 11, 4, 6600.00, '2026-01-27 21:33:50'),
(27, 12, 4, 5500.00, '2026-01-28 14:07:07'),
(28, 13, 4, 5500.00, '2026-01-28 14:07:08'),
(32, 12, 1, 3500.00, '2026-01-28 15:28:40'),
(33, 11, 1, 3600.00, '2026-01-28 15:28:39'),
(34, 13, 1, 3500.00, '2026-01-28 15:28:41'),
(41, 11, 2, 3900.00, '2026-01-28 15:28:39'),
(44, 12, 2, 3800.00, '2026-01-28 15:28:40'),
(46, 13, 2, 3800.00, '2026-01-28 15:28:41'),
(47, 15, 4, 3700.00, '2026-02-03 10:47:22'),
(48, 14, 4, 8100.00, '2026-02-03 10:47:55'),
(49, 16, 1, 9900.00, '2026-02-04 17:03:16'),
(50, 16, 2, 10100.00, '2026-02-04 17:03:16'),
(51, 16, 4, 11900.00, '2026-02-04 17:15:41'),
(54, 18, 1, 9900.00, '2026-02-04 17:14:17'),
(55, 18, 2, 10100.00, '2026-02-04 17:14:17'),
(56, 17, 1, 8900.00, '2026-02-04 17:14:18'),
(57, 17, 2, 9250.00, '2026-02-04 17:14:18'),
(58, 18, 4, 11900.00, '2026-02-04 17:15:40'),
(59, 17, 4, 11100.00, '2026-02-04 17:15:40'),
(61, 14, 2, 7300.00, '2026-02-04 17:16:18'),
(62, 21, 1, 7000.00, '2026-02-06 12:08:00'),
(63, 21, 2, 7200.00, '2026-02-06 12:08:00'),
(64, 21, 4, 7900.00, '2026-02-06 12:08:00'),
(65, 20, 1, 5990.00, '2026-02-06 12:11:12'),
(66, 20, 2, 6300.00, '2026-02-06 12:11:12'),
(67, 20, 4, 6900.00, '2026-02-06 12:11:12'),
(68, 19, 1, 1200.00, '2026-02-06 12:11:12'),
(69, 19, 2, 1250.00, '2026-02-06 12:11:12'),
(70, 19, 4, 1500.00, '2026-02-06 12:11:12');

-- --------------------------------------------------------

--
-- Estructura de tabla para la tabla `vehiculos`
--

CREATE TABLE `vehiculos` (
  `patente` varchar(10) COLLATE utf8mb3_unicode_ci NOT NULL,
  `marca` varchar(50) COLLATE utf8mb3_unicode_ci DEFAULT NULL,
  `modelo` varchar(50) COLLATE utf8mb3_unicode_ci DEFAULT NULL,
  `clase_licencia` varchar(5) COLLATE utf8mb3_unicode_ci DEFAULT 'B',
  `tipo_vehiculo` varchar(20) COLLATE utf8mb3_unicode_ci DEFAULT NULL,
  `pdf_permiso` varchar(255) COLLATE utf8mb3_unicode_ci DEFAULT NULL,
  `pdf_soap` varchar(255) COLLATE utf8mb3_unicode_ci DEFAULT NULL,
  `pdf_revision` varchar(255) COLLATE utf8mb3_unicode_ci DEFAULT NULL,
  `estado_permiso` tinyint(1) DEFAULT '1',
  `estado_soap` tinyint(1) DEFAULT '1',
  `estado_revision` tinyint(1) DEFAULT '1',
  `venc_permiso` date DEFAULT NULL,
  `venc_soap` date DEFAULT NULL,
  `venc_revision` date DEFAULT NULL,
  `foto` text COLLATE utf8mb3_unicode_ci NOT NULL
) ENGINE=InnoDB DEFAULT CHARSET=utf8mb3 COLLATE=utf8mb3_unicode_ci;

--
-- Volcado de datos para la tabla `vehiculos`
--

INSERT INTO `vehiculos` (`patente`, `marca`, `modelo`, `clase_licencia`, `tipo_vehiculo`, `pdf_permiso`, `pdf_soap`, `pdf_revision`, `estado_permiso`, `estado_soap`, `estado_revision`, `venc_permiso`, `venc_soap`, `venc_revision`, `foto`) VALUES
('JTGJ97', 'Citröen', 'Nemo', 'B', 'Furgón', 'https://tabolango.cl/uploads/docs_autos/pdf_permiso_JTGJ97_1769802834.pdf', 'https://tabolango.cl/uploads/docs_autos/pdf_soap_JTGJ97_1769802834.pdf', '', 1, 1, 1, '2026-03-31', '2026-03-31', '2026-10-31', 'https://tabolango.cl/media/JTGJ97.png'),
('khpd11', 'Kia', 'Frontier', 'B', 'Camión 3/4', 'https://tabolango.cl/uploads/docs_autos/pdf_permiso_KHPD11_1769112938.pdf', 'https://tabolango.cl/uploads/docs_autos/pdf_soap_KHPD11_1769112938.PDF', 'https://tabolango.cl/uploads/docs_autos/pdf_revision_KHPD11_1769112938.pdf', 0, 0, 1, '2026-03-31', '2026-03-31', '2026-04-30', 'https://tabolango.cl/media/KHPD11.png'),
('TWLS20', 'MG', 'ZS', 'B', 'SUV', 'https://tabolango.cl/uploads/docs_autos/pdf_permiso_TWLS20_1769127660.pdf', 'https://tabolango.cl/uploads/docs_autos/pdf_soap_TWLS20_1769142278.pdf', 'https://tabolango.cl/uploads/docs_autos/pdf_revision_TWLS20_1769482005.pdf', 0, 0, 0, '2026-03-31', '2026-03-31', '2027-02-28', 'https://tabolango.cl/media/TWLS20.png');

-- --------------------------------------------------------

--
-- Estructura de tabla para la tabla `vehiculo_usuarios`
--

CREATE TABLE `vehiculo_usuarios` (
  `id_vinculo` int NOT NULL,
  `patente_vehiculo` varchar(10) COLLATE utf8mb3_unicode_ci DEFAULT NULL,
  `user_email` varchar(100) COLLATE utf8mb3_unicode_ci DEFAULT NULL
) ENGINE=InnoDB DEFAULT CHARSET=utf8mb3 COLLATE=utf8mb3_unicode_ci;

--
-- Volcado de datos para la tabla `vehiculo_usuarios`
--

INSERT INTO `vehiculo_usuarios` (`id_vinculo`, `patente_vehiculo`, `user_email`) VALUES
(21, 'JTGJ97', 'antonia@tabolango.cl'),
(22, 'JTGJ97', 'jose@longueira.cl'),
(23, 'JTGJ97', 'sofia@tabolango.cl'),
(27, 'KHPD11', 'jose@longueira.cl');

--
-- Índices para tablas volcadas
--

--
-- Indices de la tabla `app_fcm_tokens`
--
ALTER TABLE `app_fcm_tokens`
  ADD PRIMARY KEY (`id`),
  ADD KEY `email` (`email`);

--
-- Indices de la tabla `app_roles`
--
ALTER TABLE `app_roles`
  ADD PRIMARY KEY (`id`),
  ADD UNIQUE KEY `nombre_rol` (`nombre_rol`);

--
-- Indices de la tabla `app_usuarios`
--
ALTER TABLE `app_usuarios`
  ADD PRIMARY KEY (`id`),
  ADD UNIQUE KEY `user_login` (`user_login`),
  ADD UNIQUE KEY `email` (`email`);

--
-- Indices de la tabla `app_usuario_roles`
--
ALTER TABLE `app_usuario_roles`
  ADD PRIMARY KEY (`usuario_email`,`rol_id`),
  ADD KEY `rol_id` (`rol_id`);

--
-- Indices de la tabla `categorias_clientes`
--
ALTER TABLE `categorias_clientes`
  ADD PRIMARY KEY (`id_categoria`);

--
-- Indices de la tabla `clientes`
--
ALTER TABLE `clientes`
  ADD PRIMARY KEY (`id_interno`);

--
-- Indices de la tabla `facturas_historial`
--
ALTER TABLE `facturas_historial`
  ADD PRIMARY KEY (`id`),
  ADD KEY `id_pedido_sistema` (`id_pedido_sistema`);

--
-- Indices de la tabla `pedidos_activos`
--
ALTER TABLE `pedidos_activos`
  ADD PRIMARY KEY (`id_interno`);

--
-- Indices de la tabla `productos`
--
ALTER TABLE `productos`
  ADD PRIMARY KEY (`id_producto`);

--
-- Indices de la tabla `productos_precios_categorias`
--
ALTER TABLE `productos_precios_categorias`
  ADD PRIMARY KEY (`id`),
  ADD UNIQUE KEY `producto_categoria_idx` (`id_producto`,`id_categoria_cliente`);

--
-- Indices de la tabla `vehiculos`
--
ALTER TABLE `vehiculos`
  ADD PRIMARY KEY (`patente`);

--
-- Indices de la tabla `vehiculo_usuarios`
--
ALTER TABLE `vehiculo_usuarios`
  ADD PRIMARY KEY (`id_vinculo`),
  ADD KEY `patente_vehiculo` (`patente_vehiculo`);

--
-- AUTO_INCREMENT de las tablas volcadas
--

--
-- AUTO_INCREMENT de la tabla `app_fcm_tokens`
--
ALTER TABLE `app_fcm_tokens`
  MODIFY `id` int NOT NULL AUTO_INCREMENT, AUTO_INCREMENT=57;

--
-- AUTO_INCREMENT de la tabla `app_roles`
--
ALTER TABLE `app_roles`
  MODIFY `id` int NOT NULL AUTO_INCREMENT, AUTO_INCREMENT=12;

--
-- AUTO_INCREMENT de la tabla `app_usuarios`
--
ALTER TABLE `app_usuarios`
  MODIFY `id` int NOT NULL AUTO_INCREMENT, AUTO_INCREMENT=62;

--
-- AUTO_INCREMENT de la tabla `categorias_clientes`
--
ALTER TABLE `categorias_clientes`
  MODIFY `id_categoria` int NOT NULL AUTO_INCREMENT, AUTO_INCREMENT=6;

--
-- AUTO_INCREMENT de la tabla `clientes`
--
ALTER TABLE `clientes`
  MODIFY `id_interno` int NOT NULL AUTO_INCREMENT, AUTO_INCREMENT=63;

--
-- AUTO_INCREMENT de la tabla `facturas_historial`
--
ALTER TABLE `facturas_historial`
  MODIFY `id` int NOT NULL AUTO_INCREMENT, AUTO_INCREMENT=118;

--
-- AUTO_INCREMENT de la tabla `pedidos_activos`
--
ALTER TABLE `pedidos_activos`
  MODIFY `id_interno` int NOT NULL AUTO_INCREMENT, AUTO_INCREMENT=719;

--
-- AUTO_INCREMENT de la tabla `productos`
--
ALTER TABLE `productos`
  MODIFY `id_producto` int NOT NULL AUTO_INCREMENT, AUTO_INCREMENT=22;

--
-- AUTO_INCREMENT de la tabla `productos_precios_categorias`
--
ALTER TABLE `productos_precios_categorias`
  MODIFY `id` int NOT NULL AUTO_INCREMENT, AUTO_INCREMENT=71;

--
-- AUTO_INCREMENT de la tabla `vehiculo_usuarios`
--
ALTER TABLE `vehiculo_usuarios`
  MODIFY `id_vinculo` int NOT NULL AUTO_INCREMENT, AUTO_INCREMENT=28;

--
-- Restricciones para tablas volcadas
--

--
-- Filtros para la tabla `app_usuario_roles`
--
ALTER TABLE `app_usuario_roles`
  ADD CONSTRAINT `app_usuario_roles_ibfk_1` FOREIGN KEY (`rol_id`) REFERENCES `app_roles` (`id`) ON DELETE CASCADE;

--
-- Filtros para la tabla `productos_precios_categorias`
--
ALTER TABLE `productos_precios_categorias`
  ADD CONSTRAINT `productos_precios_categorias_ibfk_1` FOREIGN KEY (`id_producto`) REFERENCES `productos` (`id_producto`) ON DELETE CASCADE;

--
-- Filtros para la tabla `vehiculo_usuarios`
--
ALTER TABLE `vehiculo_usuarios`
  ADD CONSTRAINT `vehiculo_usuarios_ibfk_1` FOREIGN KEY (`patente_vehiculo`) REFERENCES `vehiculos` (`patente`) ON DELETE CASCADE ON UPDATE CASCADE;
COMMIT;

/*!40101 SET CHARACTER_SET_CLIENT=@OLD_CHARACTER_SET_CLIENT */;
/*!40101 SET CHARACTER_SET_RESULTS=@OLD_CHARACTER_SET_RESULTS */;
/*!40101 SET COLLATION_CONNECTION=@OLD_COLLATION_CONNECTION */;
